timestamp,temperature,humidity,pm2_5
2025-02-10 18:00:41,24.9,46.69,3.4
2025-02-10 18:01:41,24.9,46.68,3.7
2025-02-10 18:02:41,24.9,46.69,3.9
2025-02-10 18:03:41,24.9,46.65,4.0
2025-02-10 18:04:47,24.895,46.65,3.5
2025-02-10 18:05:27,24.895,46.67,4.4
2025-02-10 18:06:27,24.895,46.66,3.5
2025-02-10 18:07:27,24.895,46.67,3.8
2025-02-10 18:08:27,24.895,46.66,3.4
2025-02-10 18:09:27,24.895,46.67,3.2
2025-02-10 18:10:27,35,20,10
2025-02-10 18:11:27,24.895,46.66,3.6
2025-02-10 18:12:27,24.895,46.65,3.3
2025-02-10 18:13:27,24.895,46.64,4.1
2025-02-10 18:14:28,24.895,46.64,3.7
2025-02-10 18:15:28,24.895,46.63,3.4
2025-02-10 18:16:28,24.895,46.63,3.0
2025-02-10 18:17:28,24.895,46.63,3.8
2025-02-10 18:18:28,24.895,46.64,3.3
2025-02-10 18:19:28,24.895,46.63,4.0
2025-02-10 18:20:40,24.89,46.65,3.8
2025-02-10 18:21:40,24.89,46.66,3.5
2025-02-10 18:22:40,24.89,46.65,3.9
2025-02-10 18:23:40,24.89,46.64,3.4
2025-02-10 18:24:40,24.89,46.64,3.7
2025-02-10 18:25:40,24.89,46.65,3.5
2025-02-10 18:26:40,24.89,46.65,3.2
2025-02-10 18:27:40,24.885,46.64,3.3
2025-02-10 18:28:40,24.89,46.66,3.8
2025-02-10 18:29:40,24.885,46.66,3.6
2025-02-10 18:30:40,24.885,46.63,3.6
2025-02-10 18:31:40,24.885,46.63,3.3
2025-02-10 18:32:40,24.885,46.66,3.3
2025-02-10 18:33:40,24.885,46.64,3.9
2025-02-10 18:34:40,24.885,46.66,3.9
2025-02-10 18:36:06,24.885,46.71,3.8
2025-02-10 18:37:06,24.88,46.67,3.8
2025-02-10 18:38:06,24.88,46.66,3.9
2025-02-10 18:39:06,24.88,46.65,4.1
2025-02-10 18:40:06,24.88,46.66,3.7
2025-02-10 18:41:06,24.88,46.67,3.7
2025-02-10 18:42:06,24.875,46.67,4.0
2025-02-10 18:43:06,24.875,46.68,3.6
2025-02-10 18:44:06,24.875,46.66,3.5
2025-02-10 18:45:06,24.875,46.67,3.5
2025-02-10 18:46:06,24.875,46.71,3.4
2025-02-10 18:47:06,24.875,46.67,4.0
2025-02-10 18:48:06,24.875,46.69,3.8
2025-02-10 18:49:06,24.875,46.68,4.1
2025-02-10 18:50:06,24.87,46.66,3.4
2025-02-10 18:51:13,24.87,46.66,3.4
2025-02-10 18:52:13,24.87,46.7,3.7
2025-02-10 18:53:13,24.875,46.68,3.9
2025-02-10 18:54:13,24.875,46.7,3.6
2025-02-10 18:55:13,24.875,46.71,4.1
2025-02-10 18:56:13,24.875,46.68,3.9
2025-02-10 18:57:13,24.875,46.67,3.9
2025-02-10 18:58:13,24.875,46.69,4.0
2025-02-10 18:59:13,24.875,46.68,3.8
2025-02-10 19:00:13,24.88,46.67,3.9
2025-02-10 19:01:13,24.88,46.69,3.7
2025-02-10 19:02:13,24.875,46.69,3.5
2025-02-10 19:03:13,24.875,46.68,3.5
2025-02-10 19:04:13,24.875,46.68,4.1
2025-02-10 19:05:13,24.875,46.7,4.4
2025-02-10 19:06:29,24.875,46.7,3.8
2025-02-10 19:07:29,24.875,46.73,3.8
2025-02-10 19:08:29,24.875,46.71,3.5
2025-02-10 19:09:29,24.875,46.72,3.5
2025-02-10 19:10:29,24.875,46.71,4.2
2025-02-10 19:11:29,24.88,46.71,3.9
2025-02-10 19:12:29,24.88,46.69,3.7
2025-02-10 19:13:29,24.88,46.71,3.7
2025-02-10 19:14:29,24.88,46.69,3.8
2025-02-10 19:15:29,24.885,46.69,3.4
2025-02-10 19:16:29,24.885,46.7,3.6
2025-02-10 19:17:29,24.885,46.69,4.0
2025-02-10 19:18:29,24.885,46.69,3.7
2025-02-10 19:19:29,24.885,46.69,3.7
2025-02-10 19:20:29,24.885,46.67,3.4
2025-02-10 19:21:40,24.885,46.69,4.1
2025-02-10 19:22:40,24.885,46.69,3.7
2025-02-10 19:23:40,24.885,46.67,3.4
2025-02-10 19:24:40,24.885,46.67,3.8
2025-02-10 19:25:40,24.89,46.67,3.9
2025-02-10 19:26:40,24.89,46.69,4.0
2025-02-10 19:27:40,24.89,46.7,4.0
2025-02-10 19:28:40,24.895,46.68,4.0
2025-02-10 19:29:40,24.895,46.67,4.1
2025-02-10 19:30:40,24.89,46.67,4.2
2025-02-10 19:31:40,24.895,46.68,3.6
2025-02-10 19:32:40,24.895,46.65,4.0
2025-02-10 19:33:40,24.895,46.66,3.7
2025-02-10 19:34:40,24.895,46.64,3.2
2025-02-10 19:35:40,24.895,46.65,3.7
2025-02-10 19:36:23,24.895,46.69,4.0
2025-02-10 19:37:23,24.895,46.67,3.8
2025-02-10 19:38:23,24.895,46.68,3.1
2025-02-10 19:39:23,24.89,46.65,3.8
2025-02-10 19:40:23,24.89,46.65,3.6
2025-02-10 19:41:23,24.89,46.66,3.6
2025-02-10 19:42:23,24.89,46.68,4.1
2025-02-10 19:43:23,24.89,46.68,3.7
2025-02-10 19:44:23,24.895,46.67,3.9
2025-02-10 19:45:23,24.895,46.65,4.1
2025-02-10 19:46:23,24.895,46.65,3.4
2025-02-10 19:47:23,24.89,46.65,4.0
2025-02-10 19:48:23,24.89,46.65,3.6
2025-02-10 19:49:23,24.89,46.63,3.9
2025-02-10 19:50:23,24.89,46.64,4.1
2025-02-10 19:51:34,24.89,46.65,3.9
2025-02-10 19:52:34,24.89,46.64,3.8
2025-02-10 19:53:34,24.89,46.65,3.9
2025-02-10 19:54:34,24.89,46.66,4.0
2025-02-10 19:55:34,24.89,46.65,3.8
2025-02-10 19:56:34,24.89,46.66,4.2
2025-02-10 19:57:34,24.89,46.65,4.6
2025-02-10 19:58:34,24.89,46.66,3.7
2025-02-10 19:59:34,24.89,46.65,4.0
2025-02-10 20:00:34,24.89,46.65,3.8
2025-02-10 20:01:34,24.89,46.67,4.3
2025-02-10 20:02:34,24.89,46.66,3.7
2025-02-10 20:03:34,24.89,46.67,3.3
2025-02-10 20:04:34,24.885,46.67,4.0
2025-02-10 20:05:34,24.885,46.68,4.0
2025-02-10 20:06:55,24.885,46.7,3.6
2025-02-10 20:07:55,24.885,46.67,4.0
2025-02-10 20:08:55,24.885,46.67,3.5
2025-02-10 20:09:55,24.885,46.67,4.1
2025-02-10 20:10:55,24.885,46.69,3.8
2025-02-10 20:11:55,24.885,46.67,3.8
2025-02-10 20:12:55,24.885,46.68,4.3
2025-02-10 20:13:55,24.885,46.68,4.3
2025-02-10 20:14:55,24.885,46.65,4.1
2025-02-10 20:15:55,24.885,46.66,3.5
2025-02-10 20:16:55,24.88,46.64,3.6
2025-02-10 20:17:55,24.88,46.69,3.6
2025-02-10 20:18:55,24.88,46.66,3.8
2025-02-10 20:19:55,24.88,46.67,4.4
2025-02-10 20:20:55,24.875,46.67,4.2
2025-02-10 20:22:12,24.875,46.68,3.7
2025-02-10 20:23:12,24.875,46.69,4.2
2025-02-10 20:24:12,24.875,46.67,3.8
2025-02-10 20:25:12,24.875,46.7,4.7
2025-02-10 20:26:12,24.87,46.69,3.9
2025-02-10 20:27:12,24.87,46.7,3.5
2025-02-10 20:28:12,24.87,46.69,4.4
2025-02-10 20:29:12,24.87,46.68,4.5
2025-02-10 20:30:12,24.865,46.68,3.7
2025-02-10 20:31:12,24.865,46.72,4.2
2025-02-10 20:32:12,24.865,46.71,4.6
2025-02-10 20:33:12,24.865,46.72,3.9
2025-02-10 20:34:12,24.86,46.72,4.3
2025-02-10 20:35:12,24.86,46.73,4.0
2025-02-10 20:36:12,24.86,46.74,4.0
2025-02-10 20:37:25,24.855,46.75,4.4
2025-02-10 20:38:25,24.855,46.73,3.9
2025-02-10 20:39:25,24.855,46.72,3.7
2025-02-10 20:40:25,24.86,46.75,3.9
2025-02-10 20:41:25,24.855,46.75,4.3
2025-02-10 20:42:25,24.855,46.75,4.1
2025-02-10 20:43:25,24.855,46.75,4.3
2025-02-10 20:44:25,24.855,46.73,3.8
2025-02-10 20:45:25,24.86,46.74,4.3
2025-02-10 20:46:25,24.86,46.77,3.8
2025-02-10 20:47:25,24.86,46.74,4.2
2025-02-10 20:48:25,24.86,46.75,4.2
2025-02-10 20:49:25,24.86,46.73,4.0
2025-02-10 20:50:25,24.855,46.74,3.8
2025-02-10 20:51:25,24.855,46.73,3.8
2025-02-10 20:52:32,24.86,46.76,4.3
2025-02-10 20:53:32,24.86,46.74,4.4
2025-02-10 20:54:32,24.86,46.77,3.5
2025-02-10 20:55:32,24.86,46.76,4.3
2025-02-10 20:56:32,24.86,46.72,4.3
2025-02-10 20:57:32,24.865,46.73,4.7
2025-02-10 20:58:32,24.865,46.72,4.4
2025-02-10 20:59:32,24.865,46.72,4.1
2025-02-10 21:00:32,24.865,46.73,4.2
2025-02-10 21:01:32,24.865,46.73,3.7
2025-02-10 21:02:32,24.865,46.7,3.8
2025-02-10 21:03:32,24.865,46.71,4.0
2025-02-10 21:04:32,24.865,46.72,4.6
2025-02-10 21:05:27,24.865,46.74,4.1
2025-02-10 21:06:27,24.865,46.7,4.1
2025-02-10 21:07:27,24.865,46.7,4.5
2025-02-10 21:08:27,24.865,46.71,3.8
2025-02-10 21:09:27,24.865,46.72,4.3
2025-02-10 21:10:27,24.865,46.7,4.2
2025-02-10 21:11:27,24.865,46.72,4.5
2025-02-10 21:12:27,24.87,46.73,5.1
2025-02-10 21:13:27,24.87,46.72,3.8
2025-02-10 21:14:27,24.87,46.72,4.2
2025-02-10 21:15:27,24.87,46.72,4.3
2025-02-10 21:16:27,24.87,46.71,4.3
2025-02-10 21:17:27,24.87,46.69,4.1
2025-02-10 21:18:27,24.875,46.69,4.0
2025-02-10 21:19:27,24.875,46.71,4.2
2025-02-10 21:20:26,24.875,46.72,4.6
2025-02-10 21:21:26,24.875,46.71,4.3
2025-02-10 21:22:26,24.875,46.68,4.0
2025-02-10 21:23:26,24.875,46.7,4.4
2025-02-10 21:24:26,24.88,46.68,3.5
2025-02-10 21:25:26,24.88,46.71,4.2
2025-02-10 21:26:26,24.88,46.68,4.3
2025-02-10 21:27:26,24.88,46.69,4.4
2025-02-10 21:28:26,24.875,46.66,4.2
2025-02-10 21:29:26,24.875,46.7,4.4
2025-02-10 21:30:26,24.875,46.69,3.7
2025-02-10 21:31:26,24.875,46.67,3.9
2025-02-10 21:32:26,24.875,46.69,3.6
2025-02-10 21:33:26,24.87,46.7,3.8
2025-02-10 21:34:26,24.87,46.69,4.0
2025-02-10 21:35:47,24.87,46.7,4.4
2025-02-10 21:36:47,24.87,46.71,4.2
2025-02-10 21:37:47,24.87,46.7,3.8
2025-02-10 21:38:47,24.87,46.7,3.5
2025-02-10 21:39:47,24.87,46.71,4.2
2025-02-10 21:40:47,24.87,46.69,4.6
2025-02-10 21:41:47,24.87,46.72,4.1
2025-02-10 21:42:47,24.87,46.69,4.0
2025-02-10 21:43:47,24.87,46.7,3.9
2025-02-10 21:44:47,24.87,46.71,4.2
2025-02-10 21:45:47,24.875,46.69,4.3
2025-02-10 21:46:47,24.875,46.7,4.2
2025-02-10 21:47:47,24.875,46.7,4.1
2025-02-10 21:48:47,24.87,46.69,4.3
2025-02-10 21:49:47,24.87,46.68,3.9
2025-02-10 21:51:01,24.87,46.7,3.4
2025-02-10 21:52:01,24.87,46.69,4.6
2025-02-10 21:53:01,24.87,46.7,4.0
2025-02-10 21:54:01,24.87,46.72,4.4
2025-02-10 21:55:01,24.87,46.73,3.9
2025-02-10 21:56:01,24.87,46.77,4.0
2025-02-10 21:57:01,24.875,46.76,4.1
2025-02-10 21:58:01,24.875,46.76,4.3
2025-02-10 21:59:01,24.875,46.76,3.9
2025-02-10 22:00:01,24.875,46.76,4.2
2025-02-10 22:01:01,24.875,46.71,4.3
2025-02-10 22:02:01,24.875,46.72,4.0
2025-02-10 22:03:01,24.875,46.72,3.7
2025-02-10 22:04:01,24.87,46.68,4.1
2025-02-10 22:05:01,24.87,46.66,3.8
2025-02-10 22:05:52,24.87,46.66,4.0
2025-02-10 22:06:52,24.87,46.66,3.8
2025-02-10 22:07:52,24.87,46.65,3.9
2025-02-10 22:08:52,24.87,46.63,4.1
2025-02-10 22:09:52,24.87,46.64,3.9
2025-02-10 22:10:52,24.87,46.63,4.4
2025-02-10 22:11:52,24.87,46.64,4.1
2025-02-10 22:12:52,24.87,46.64,3.9
2025-02-10 22:13:52,24.87,46.65,3.7
2025-02-10 22:14:52,24.87,46.65,4.5
2025-02-10 22:15:52,24.87,46.67,3.5
2025-02-10 22:16:52,24.87,46.7,3.9
2025-02-10 22:17:52,24.865,46.67,3.9
2025-02-10 22:18:52,24.865,46.67,4.4
2025-02-10 22:19:52,24.865,46.67,4.2
2025-02-10 22:20:58,24.865,46.72,4.4
2025-02-10 22:21:58,24.87,46.69,3.9
2025-02-10 22:22:58,24.87,46.71,3.7
2025-02-10 22:23:58,24.865,46.7,3.6
2025-02-10 22:24:58,24.87,46.69,4.3
2025-02-10 22:25:58,24.865,46.69,3.9
2025-02-10 22:26:58,24.865,46.71,4.1
2025-02-10 22:27:58,24.865,46.72,4.0
2025-02-10 22:28:58,24.865,46.71,3.6
2025-02-10 22:29:58,24.865,46.69,3.7
2025-02-10 22:30:58,24.865,46.69,4.0
2025-02-10 22:31:58,24.865,46.69,3.8
2025-02-10 22:32:58,24.865,46.69,4.3
2025-02-10 22:33:58,24.86,46.68,4.2
2025-02-10 22:34:58,24.86,46.69,3.8
2025-02-10 22:36:08,24.86,46.68,3.9
2025-02-10 22:37:08,24.86,46.7,4.1
2025-02-10 22:38:08,24.855,46.7,4.1
2025-02-10 22:39:08,24.855,46.71,4.2
2025-02-10 22:40:08,24.86,46.69,4.4
2025-02-10 22:41:08,24.86,46.69,4.2
2025-02-10 22:42:08,24.86,46.67,4.0
2025-02-10 22:43:08,24.86,46.67,4.4
2025-02-10 22:44:08,24.86,46.68,4.0
2025-02-10 22:45:08,24.865,46.66,4.6
2025-02-10 22:46:08,24.865,46.67,4.3
2025-02-10 22:47:08,24.865,46.68,3.5
2025-02-10 22:48:08,24.865,46.68,4.3
2025-02-10 22:49:08,24.865,46.68,3.8
2025-02-10 22:50:08,24.865,46.68,4.4
2025-02-10 22:51:47,24.86,46.67,4.1
2025-02-10 22:52:47,24.86,46.66,4.2
2025-02-10 22:53:47,24.865,46.67,4.1
2025-02-10 22:54:47,24.865,46.68,4.1
2025-02-10 22:55:47,24.865,46.68,4.2
2025-02-10 22:56:47,24.865,46.67,4.5
2025-02-10 22:57:47,24.865,46.69,4.2
2025-02-10 22:58:47,24.865,46.69,4.2
2025-02-10 22:59:47,24.865,46.67,4.3
2025-02-10 23:00:47,24.865,46.69,4.0
2025-02-10 23:01:47,24.865,46.68,4.5
2025-02-10 23:02:47,24.86,46.7,4.4
2025-02-10 23:03:47,24.865,46.68,3.8
2025-02-10 23:04:47,24.865,46.69,4.1
2025-02-10 23:05:47,24.86,46.67,3.9
2025-02-10 23:06:43,24.86,46.71,4.2
2025-02-10 23:07:43,24.86,46.7,4.3
2025-02-10 23:08:43,24.86,46.71,4.6
2025-02-10 23:09:43,24.865,46.73,3.9
2025-02-10 23:10:43,24.865,46.72,4.3
2025-02-10 23:11:43,24.865,46.7,4.1
2025-02-10 23:12:43,24.865,46.71,4.4
2025-02-10 23:13:43,24.865,46.69,4.0
2025-02-10 23:14:43,24.87,46.69,4.3
2025-02-10 23:15:43,24.87,46.71,4.5
2025-02-10 23:16:43,24.875,46.68,4.3
2025-02-10 23:17:43,24.875,46.7,4.0
2025-02-10 23:18:43,24.875,46.68,3.8
2025-02-10 23:19:43,24.875,46.66,3.8
2025-02-10 23:20:43,24.875,46.68,4.0
2025-02-10 23:22:07,24.87,46.68,4.2
2025-02-10 23:23:07,24.875,46.68,3.5
2025-02-10 23:24:07,24.875,46.69,4.5
2025-02-10 23:25:07,24.875,46.69,4.1
2025-02-10 23:26:07,24.875,46.69,4.4
2025-02-10 23:27:07,24.875,46.68,4.2
2025-02-10 23:28:07,24.875,46.66,4.1
2025-02-10 23:29:07,24.875,46.67,4.1
2025-02-10 23:30:07,24.875,46.65,4.2
2025-02-10 23:31:07,24.875,46.65,4.2
2025-02-10 23:32:07,24.875,46.65,4.1
2025-02-10 23:33:07,24.875,46.65,4.2
2025-02-10 23:34:07,24.875,46.64,4.5
2025-02-10 23:35:07,24.875,46.64,4.3
2025-02-10 23:36:07,24.87,46.66,4.0
2025-02-10 23:37:22,24.87,46.7,4.4
2025-02-10 23:38:22,24.865,46.69,4.6
2025-02-10 23:39:22,24.865,46.68,4.1
2025-02-10 23:40:22,24.865,46.69,3.9
2025-02-10 23:41:22,24.865,46.69,4.4
2025-02-10 23:42:22,24.865,46.67,4.5
2025-02-10 23:43:22,24.865,46.67,3.9
2025-02-10 23:44:22,24.865,46.71,4.1
2025-02-10 23:45:22,24.865,46.7,3.9
2025-02-10 23:46:22,24.865,46.68,4.2
2025-02-10 23:47:22,24.86,46.71,4.0
2025-02-10 23:48:22,24.86,46.68,4.0
2025-02-10 23:49:22,24.86,46.69,4.3
2025-02-10 23:50:22,24.86,46.68,4.1
2025-02-10 23:51:22,24.86,46.68,4.0
2025-02-10 23:52:09,24.86,46.73,4.0
2025-02-10 23:53:09,24.855,46.71,4.4
2025-02-10 23:54:09,24.855,46.72,4.1
2025-02-10 23:55:09,24.86,46.69,3.9
2025-02-10 23:56:09,24.86,46.71,4.9
2025-02-10 23:57:09,24.86,46.71,3.8
2025-02-10 23:58:09,24.86,46.73,3.8
2025-02-10 23:59:09,24.86,46.7,4.0
2025-02-11 00:00:09,24.865,46.71,3.8
2025-02-11 00:01:09,24.865,46.7,4.4
2025-02-11 00:02:09,24.865,46.71,3.9
2025-02-11 00:03:09,24.865,46.71,4.1
2025-02-11 00:04:09,24.865,46.73,3.9
2025-02-11 00:05:09,24.865,46.71,4.3
2025-02-11 00:06:09,24.865,46.71,3.9
2025-02-11 00:07:41,24.865,46.7,4.4
2025-02-11 00:08:41,24.865,46.7,4.8
2025-02-11 00:09:41,24.865,46.69,5.0
2025-02-11 00:10:41,24.865,46.68,4.2
2025-02-11 00:11:41,24.865,46.68,4.3
2025-02-11 00:12:41,24.865,46.67,3.7
2025-02-11 00:13:41,24.865,46.71,3.9
2025-02-11 00:14:41,24.865,46.71,4.1
2025-02-11 00:15:41,24.865,46.71,4.2
2025-02-11 00:16:42,24.865,46.72,3.8
2025-02-11 00:17:42,24.865,46.71,3.8
2025-02-11 00:18:42,24.865,46.71,4.1
2025-02-11 00:19:42,24.865,46.7,3.9
2025-02-11 00:20:42,24.86,46.7,4.0
2025-02-11 00:21:42,24.86,46.71,4.0
2025-02-11 00:22:44,24.86,46.75,3.8
2025-02-11 00:23:44,24.86,46.72,4.4
2025-02-11 00:24:44,24.86,46.73,4.2
2025-02-11 00:25:44,24.86,46.74,3.6
2025-02-11 00:26:44,24.86,46.71,3.8
2025-02-11 00:27:44,24.865,46.71,4.2
2025-02-11 00:28:44,24.865,46.68,4.0
2025-02-11 00:29:44,24.865,46.72,4.0
2025-02-11 00:30:44,24.865,46.72,4.2
2025-02-11 00:31:44,24.865,46.72,4.4
2025-02-11 00:32:44,24.865,46.71,4.4
2025-02-11 00:33:44,24.87,46.72,4.0
2025-02-11 00:34:44,24.87,46.7,3.9
2025-02-11 00:35:44,24.865,46.7,4.6
2025-02-11 00:36:44,24.865,46.7,3.8
2025-02-11 00:37:56,24.865,46.72,4.4
2025-02-11 00:38:56,24.865,46.71,4.1
2025-02-11 00:39:56,24.865,46.72,4.0
2025-02-11 00:40:56,24.865,46.74,3.3
2025-02-11 00:41:56,24.865,46.73,4.0
2025-02-11 00:42:56,24.865,46.72,4.1
2025-02-11 00:43:56,24.865,46.72,4.3
2025-02-11 00:44:56,24.865,46.7,4.5
2025-02-11 00:45:56,24.865,46.72,3.8
2025-02-11 00:46:56,24.87,46.7,4.0
2025-02-11 00:47:56,24.87,46.73,4.1
2025-02-11 00:48:56,24.87,46.7,3.6
2025-02-11 00:49:56,24.87,46.69,4.4
2025-02-11 00:50:56,24.865,46.71,4.1
2025-02-11 00:51:56,24.865,46.69,4.3
2025-02-11 00:53:07,24.865,46.69,4.1
2025-02-11 00:54:07,24.865,46.7,4.1
2025-02-11 00:55:07,24.865,46.71,3.9
2025-02-11 00:56:07,24.865,46.71,4.0
2025-02-11 00:57:07,24.865,46.72,4.0
2025-02-11 00:58:07,24.865,46.72,3.5
2025-02-11 00:59:07,24.865,46.73,4.0
2025-02-11 01:00:07,24.86,46.75,4.2
2025-02-11 01:01:07,24.86,46.74,3.9
2025-02-11 01:02:07,24.86,46.75,4.2
2025-02-11 01:03:07,24.86,46.72,3.2
2025-02-11 01:04:07,24.855,46.73,3.9
2025-02-11 01:05:07,24.86,46.75,3.9
2025-02-11 01:06:07,24.86,46.75,4.1
2025-02-11 01:07:07,24.86,46.76,3.7
2025-02-11 01:08:21,24.86,46.75,3.7
2025-02-11 01:09:21,24.86,46.74,4.1
2025-02-11 01:10:21,24.865,46.77,4.0
2025-02-11 01:11:21,24.865,46.76,4.1
2025-02-11 01:12:21,24.87,46.77,3.4
2025-02-11 01:13:21,24.87,46.75,4.3
2025-02-11 01:14:21,24.87,46.76,4.2
2025-02-11 01:15:21,24.87,46.76,3.5
2025-02-11 01:16:21,24.875,46.77,3.9
2025-02-11 01:17:21,24.875,46.74,3.6
2025-02-11 01:18:21,24.875,46.74,4.2
2025-02-11 01:19:21,24.875,46.73,4.4
2025-02-11 01:20:22,24.875,46.72,4.0
2025-02-11 01:21:22,24.88,46.72,4.0
2025-02-11 01:22:22,24.875,46.7,4.0
2025-02-11 01:23:10,24.875,46.72,4.0
2025-02-11 01:24:10,24.875,46.76,4.1
2025-02-11 01:25:10,24.875,46.73,3.8
2025-02-11 01:26:10,24.88,46.75,4.2
2025-02-11 01:27:10,24.88,46.76,3.7
2025-02-11 01:28:10,24.88,46.76,3.8
2025-02-11 01:29:10,24.88,46.75,3.9
2025-02-11 01:30:10,24.885,46.75,3.9
2025-02-11 01:31:10,24.88,46.75,3.8
2025-02-11 01:32:10,24.88,46.7,4.0
2025-02-11 01:33:10,24.88,46.73,3.9
2025-02-11 01:34:10,24.88,46.73,4.2
2025-02-11 01:35:10,24.88,46.73,3.8
2025-02-11 01:36:10,24.88,46.73,4.3
2025-02-11 01:37:10,24.88,46.73,3.8
2025-02-11 01:38:22,24.88,46.75,4.4
2025-02-11 01:39:22,24.875,46.75,3.8
2025-02-11 01:40:22,24.875,46.74,4.3
2025-02-11 01:41:22,24.88,46.72,3.5
2025-02-11 01:42:22,24.88,46.73,3.8
2025-02-11 01:43:22,24.88,46.73,3.8
2025-02-11 01:44:22,24.875,46.74,3.7
2025-02-11 01:45:22,24.875,46.75,4.1
2025-02-11 01:46:22,24.875,46.76,4.0
2025-02-11 01:47:22,24.875,46.76,3.6
2025-02-11 01:48:22,24.875,46.73,3.7
2025-02-11 01:49:22,24.88,46.75,4.3
2025-02-11 01:50:22,24.875,46.73,4.2
2025-02-11 01:51:22,24.875,46.72,3.8
2025-02-11 01:52:22,24.875,46.74,4.3
2025-02-11 01:53:38,24.875,46.75,4.1
2025-02-11 01:54:38,24.875,46.72,4.0
2025-02-11 01:55:38,24.875,46.75,3.8
2025-02-11 01:56:38,24.875,46.75,3.8
2025-02-11 01:57:38,24.875,46.75,4.2
2025-02-11 01:58:38,24.875,46.73,4.0
2025-02-11 01:59:38,24.875,46.75,3.6
2025-02-11 02:00:38,24.875,46.75,4.0
2025-02-11 02:01:38,24.875,46.73,4.1
2025-02-11 02:02:38,24.875,46.73,4.5
2025-02-11 02:03:38,24.88,46.75,4.4
2025-02-11 02:04:38,24.88,46.75,4.5
2025-02-11 02:05:38,24.88,46.75,4.3
2025-02-11 02:06:38,24.88,46.75,4.8
2025-02-11 02:07:38,24.88,46.73,4.3
2025-02-11 02:08:57,24.88,46.74,3.8
2025-02-11 02:09:57,24.88,46.77,4.3
2025-02-11 02:10:57,24.88,46.78,4.2
2025-02-11 02:11:57,24.88,46.78,4.3
2025-02-11 02:12:57,24.885,46.78,4.4
2025-02-11 02:13:57,24.885,46.79,4.4
2025-02-11 02:14:57,24.885,46.77,3.6
2025-02-11 02:15:57,24.885,46.76,4.4
2025-02-11 02:16:57,24.885,46.76,4.6
2025-02-11 02:17:57,24.885,46.76,3.8
2025-02-11 02:18:57,24.885,46.75,4.6
2025-02-11 02:19:57,24.885,46.75,4.2
2025-02-11 02:20:57,24.885,46.74,4.2
2025-02-11 02:21:57,24.885,46.74,4.3
2025-02-11 02:22:57,24.885,46.76,4.7
2025-02-11 02:23:57,24.88,46.73,4.1
2025-02-11 02:24:57,24.88,46.75,3.9
2025-02-11 02:25:57,24.875,46.75,3.9
2025-02-11 02:26:57,24.875,46.78,4.7
2025-02-11 02:27:57,24.875,46.77,4.1
2025-02-11 02:28:57,24.87,46.79,4.3
2025-02-11 02:29:57,24.87,46.8,4.6
2025-02-11 02:30:57,24.87,46.78,3.8
2025-02-11 02:31:57,24.865,46.79,4.4
2025-02-11 02:32:57,24.865,46.76,4.1
2025-02-11 02:33:57,24.865,46.79,3.9
2025-02-11 02:34:57,24.865,46.83,4.2
2025-02-11 02:35:57,24.86,46.81,4.4
2025-02-11 02:36:57,24.86,46.8,4.2
2025-02-11 02:37:57,24.86,46.84,4.3
2025-02-11 02:39:01,24.855,46.85,4.8
2025-02-11 02:40:01,24.855,46.86,4.4
2025-02-11 02:41:01,24.85,46.82,4.6
2025-02-11 02:42:01,24.85,46.85,4.4
2025-02-11 02:43:01,24.85,46.85,4.1
2025-02-11 02:44:01,24.85,46.85,4.1
2025-02-11 02:45:01,24.85,46.85,4.5
2025-02-11 02:46:01,24.85,46.87,4.4
2025-02-11 02:47:01,24.85,46.86,4.4
2025-02-11 02:48:01,24.85,46.87,4.7
2025-02-11 02:49:01,24.845,46.88,4.0
2025-02-11 02:50:01,24.85,46.88,4.3
2025-02-11 02:51:01,24.85,46.87,4.1
2025-02-11 02:52:01,24.85,46.86,3.9
2025-02-11 02:53:01,24.85,46.88,4.3
2025-02-11 03:09:38,24.855,46.89,4.0
2025-02-11 03:10:38,24.855,46.9,4.1
2025-02-11 03:11:38,24.855,46.9,4.7
2025-02-11 03:12:38,24.855,46.9,4.3
2025-02-11 03:13:38,24.855,46.92,4.4
2025-02-11 03:14:38,24.855,46.88,4.7
2025-02-11 03:15:38,24.855,46.9,4.5
2025-02-11 03:16:38,24.86,46.89,4.3
2025-02-11 03:17:38,24.86,46.87,4.8
2025-02-11 03:18:38,24.86,46.88,4.0
2025-02-11 03:19:38,24.86,46.9,4.5
2025-02-11 03:20:38,24.86,46.92,4.4
2025-02-11 03:21:38,24.86,46.92,4.2
2025-02-11 03:22:38,24.86,46.9,4.2
2025-02-11 03:23:38,24.86,46.93,4.3
2025-02-11 03:24:44,24.865,46.91,4.2
2025-02-11 03:25:44,24.865,46.93,4.6
2025-02-11 03:26:44,24.865,46.93,4.4
2025-02-11 03:27:44,24.865,46.92,4.1
2025-02-11 03:28:44,24.87,46.89,4.6
2025-02-11 03:29:44,24.865,46.91,4.1
2025-02-11 03:30:44,24.865,46.94,4.3
2025-02-11 03:31:44,24.865,46.92,4.9
2025-02-11 03:32:44,24.87,46.92,4.2
2025-02-11 03:33:44,24.87,46.89,5.0
2025-02-11 03:34:44,24.87,46.92,4.5
2025-02-11 03:35:44,24.87,46.91,4.3
2025-02-11 03:36:44,24.87,46.9,4.5
2025-02-11 03:37:44,24.87,46.88,4.2
2025-02-11 03:38:44,24.865,46.87,5.3
2025-02-11 03:39:52,24.865,46.9,4.0
2025-02-11 03:40:52,24.865,46.91,4.4
2025-02-11 03:41:52,24.86,46.91,4.4
2025-02-11 03:42:52,24.86,46.91,4.6
2025-02-11 03:43:52,24.86,46.91,4.9
2025-02-11 03:44:52,24.86,46.9,4.5
2025-02-11 03:45:52,24.86,46.89,4.5
2025-02-11 03:46:52,24.86,46.91,4.8
2025-02-11 03:47:52,24.86,46.93,4.3
2025-02-11 03:48:52,24.86,46.91,4.9
2025-02-11 03:49:52,24.86,46.93,4.6
2025-02-11 03:50:52,24.865,46.94,4.6
2025-02-11 03:51:52,24.865,46.95,4.5
2025-02-11 03:52:52,24.865,46.95,4.4
2025-02-11 03:53:52,24.865,46.95,3.7
2025-02-11 03:55:08,24.865,46.97,4.8
2025-02-11 03:56:08,24.87,46.99,4.5
2025-02-11 03:57:08,24.87,46.93,4.8
2025-02-11 03:58:08,24.875,46.93,4.2
2025-02-11 03:59:08,24.88,46.92,4.6
2025-02-11 04:00:08,24.88,46.92,4.7
2025-02-11 04:01:08,24.885,46.91,4.6
2025-02-11 04:02:08,24.885,46.9,4.4
2025-02-11 04:03:08,24.885,46.92,4.3
2025-02-11 04:04:08,24.885,46.9,4.9
2025-02-11 04:05:08,24.885,46.92,4.7
2025-02-11 04:06:08,24.885,46.88,4.3
2025-02-11 04:07:08,24.885,46.87,4.9
2025-02-11 04:08:08,24.885,46.87,5.1
2025-02-11 04:09:08,24.885,46.91,4.2
2025-02-11 04:10:32,24.885,46.89,4.8
2025-02-11 04:11:32,24.885,46.88,4.8
2025-02-11 04:12:32,24.885,46.86,4.5
2025-02-11 04:13:32,24.885,46.87,4.4
2025-02-11 04:14:32,24.885,46.87,4.4
2025-02-11 04:15:32,24.88,46.89,4.9
2025-02-11 04:16:32,24.88,46.89,4.6
2025-02-11 04:17:32,24.88,46.88,4.5
2025-02-11 04:18:32,24.88,46.91,5.1
2025-02-11 04:19:32,24.88,46.9,5.4
2025-02-11 04:20:32,24.88,46.88,5.1
2025-02-11 04:21:32,24.88,46.92,4.8
2025-02-11 04:22:32,24.88,46.89,4.4
2025-02-11 04:23:32,24.88,46.91,4.5
2025-02-11 04:24:32,24.88,46.91,4.9
2025-02-11 04:25:24,24.875,46.92,4.5
2025-02-11 04:26:24,24.875,46.92,4.0
2025-02-11 04:27:24,24.875,46.94,5.1
2025-02-11 04:28:24,24.875,46.91,4.5
2025-02-11 04:29:24,24.875,46.92,4.4
2025-02-11 04:30:24,24.875,46.93,4.7
2025-02-11 04:31:24,24.88,46.93,4.8
2025-02-11 04:32:24,24.88,46.93,4.6
2025-02-11 04:33:24,24.88,46.92,5.1
2025-02-11 04:34:24,24.88,46.92,4.5
2025-02-11 04:35:24,24.88,46.92,3.9
2025-02-11 04:36:24,24.88,46.91,5.0
2025-02-11 04:37:24,24.88,46.89,4.4
2025-02-11 04:38:24,24.88,46.88,4.9
2025-02-11 04:39:24,24.88,46.91,4.2
2025-02-11 04:40:30,24.875,46.9,4.8
2025-02-11 04:41:30,24.875,46.9,4.6
2025-02-11 04:42:30,24.875,46.91,4.8
2025-02-11 04:43:30,24.875,46.88,4.9
2025-02-11 04:44:30,24.875,46.9,4.9
2025-02-11 04:45:30,24.875,46.9,4.7
2025-02-11 04:46:30,24.88,46.92,5.0
2025-02-11 04:47:30,24.88,46.9,5.1
2025-02-11 04:48:30,24.875,46.93,4.8
2025-02-11 04:49:30,24.875,46.93,4.7
2025-02-11 04:50:30,24.875,46.93,4.8
2025-02-11 04:51:30,24.88,46.9,4.7
2025-02-11 04:52:30,24.88,46.89,5.1
2025-02-11 04:53:30,24.88,46.92,5.0
2025-02-11 04:54:30,24.88,46.92,4.8
2025-02-11 04:55:57,24.885,46.95,5.2
2025-02-11 04:56:57,24.885,46.97,4.7
2025-02-11 04:57:57,24.885,46.94,5.5
2025-02-11 04:58:57,24.89,46.94,4.8
2025-02-11 04:59:57,24.89,46.94,4.7
2025-02-11 05:00:57,24.89,46.95,5.5
2025-02-11 05:01:57,24.89,46.96,4.6
2025-02-11 05:02:57,24.885,46.96,5.4
2025-02-11 05:03:57,24.88,46.98,5.0
2025-02-11 05:04:57,24.88,47.01,4.7
2025-02-11 05:05:57,24.88,47.02,4.8
2025-02-11 05:06:57,24.885,47.04,5.3
2025-02-11 05:07:57,24.89,47.0,5.1
2025-02-11 05:08:57,24.89,47.0,4.7
2025-02-11 05:09:57,24.895,47.01,4.9
2025-02-11 05:10:58,24.895,47.0,4.4
2025-02-11 05:11:58,24.9,47.04,5.1
2025-02-11 05:12:58,24.9,47.02,4.7
2025-02-11 05:13:58,24.905,47.01,4.7
2025-02-11 05:14:58,24.91,47.07,5.0
2025-02-11 05:15:58,24.915,47.03,5.5
2025-02-11 05:16:58,24.915,47.02,5.2
2025-02-11 05:17:58,24.92,47.01,5.0
2025-02-11 05:18:58,24.925,46.99,4.6
2025-02-11 05:19:58,24.93,47.01,5.3
2025-02-11 05:20:58,24.93,47.02,5.0
2025-02-11 05:21:58,24.93,47.01,5.6
2025-02-11 05:22:58,24.935,47.0,5.3
2025-02-11 05:23:58,24.935,46.99,4.6
2025-02-11 05:24:58,24.935,46.99,5.0
2025-02-11 05:26:07,24.94,47.04,4.9
2025-02-11 05:27:07,24.94,47.03,4.4
2025-02-11 05:28:07,24.94,46.98,4.9
2025-02-11 05:29:07,24.945,47.03,4.7
2025-02-11 05:30:07,24.95,47.03,4.9
2025-02-11 05:31:07,24.95,47.01,5.6
2025-02-11 05:32:07,24.955,47.0,4.5
2025-02-11 05:33:07,24.955,47.02,5.2
2025-02-11 05:34:07,24.96,47.03,5.0
2025-02-11 05:35:07,24.965,47.05,4.5
2025-02-11 05:36:07,24.97,47.01,5.1
2025-02-11 05:37:07,24.975,47.01,4.9
2025-02-11 05:38:07,24.975,47.0,4.6
2025-02-11 05:39:07,24.98,46.97,4.9
2025-02-11 05:40:07,24.98,46.99,5.0
2025-02-11 05:41:15,24.985,46.99,4.9
2025-02-11 05:42:15,24.985,46.98,5.2
2025-02-11 05:43:15,24.99,47.01,4.6
2025-02-11 05:44:15,24.99,47.0,5.2
2025-02-11 05:45:15,24.995,47.04,5.1
2025-02-11 05:46:15,24.995,47.05,5.5
2025-02-11 05:47:15,25.0,47.05,4.7
2025-02-11 05:48:15,25.005,47.06,5.4
2025-02-11 05:49:15,25.005,47.01,5.6
2025-02-11 05:50:15,25.01,47.0,4.9
2025-02-11 05:51:15,25.005,47.0,5.0
2025-02-11 05:52:15,25.005,47.05,4.8
2025-02-11 05:53:15,25.005,47.07,5.0
2025-02-11 05:54:15,25.005,47.1,5.3
2025-02-11 05:55:15,25.01,47.11,4.6
2025-02-11 05:56:38,25.01,47.17,5.2
2025-02-11 05:57:38,25.015,47.2,5.1
2025-02-11 05:58:38,25.015,47.18,5.0
2025-02-11 05:59:38,25.02,47.15,5.8
2025-02-11 06:00:38,25.02,47.16,5.2
2025-02-11 06:01:38,25.02,47.17,6.0
2025-02-11 06:02:38,25.02,47.19,5.3
2025-02-11 06:03:38,25.02,47.22,5.8
2025-02-11 06:04:38,25.025,47.25,5.2
2025-02-11 06:05:38,25.025,47.24,5.4
2025-02-11 06:06:38,25.03,47.19,5.0
2025-02-11 06:07:38,25.03,47.22,4.9
2025-02-11 06:08:38,25.035,47.25,5.1
2025-02-11 06:09:38,25.04,47.23,5.2
2025-02-11 06:10:38,25.04,47.18,5.5
2025-02-11 06:11:30,25.045,47.22,4.9
2025-02-11 06:12:30,25.045,47.24,5.4
2025-02-11 06:13:30,25.05,47.25,5.5
2025-02-11 06:14:30,25.055,47.27,5.3
2025-02-11 06:15:30,25.055,47.19,5.8
2025-02-11 06:16:30,25.05,47.22,5.8
2025-02-11 06:17:30,25.045,47.22,5.0
2025-02-11 06:18:30,25.04,47.25,5.6
2025-02-11 06:19:30,25.04,47.28,5.6
2025-02-11 06:20:30,25.035,47.33,5.4
2025-02-11 06:21:30,25.035,47.37,5.0
2025-02-11 06:22:30,25.035,47.32,5.4
2025-02-11 06:23:30,25.03,47.34,5.2
2025-02-11 06:24:30,25.03,47.34,5.7
2025-02-11 06:25:30,25.03,47.33,5.4
2025-02-11 06:26:48,25.03,47.35,5.0
2025-02-11 06:27:48,25.025,47.35,5.3
2025-02-11 06:28:48,25.02,47.35,5.6
2025-02-11 06:29:48,25.02,47.39,5.4
2025-02-11 06:30:48,25.02,47.37,5.4
2025-02-11 06:31:48,25.015,47.49,5.6
2025-02-11 06:32:48,25.015,47.5,5.8
2025-02-11 06:33:48,25.015,47.59,5.4
2025-02-11 06:34:48,25.02,47.72,5.8
2025-02-11 06:35:48,25.02,47.62,5.6
2025-02-11 06:36:48,25.015,47.62,5.7
2025-02-11 06:37:48,25.015,47.64,5.9
2025-02-11 06:38:48,25.015,47.72,5.7
2025-02-11 06:39:48,25.01,47.65,6.1
2025-02-11 06:40:48,25.01,47.6,5.7
2025-02-11 06:42:05,25.005,47.68,5.4
2025-02-11 06:43:05,25.0,47.66,5.3
2025-02-11 06:44:05,25.0,47.65,5.6
2025-02-11 06:45:05,24.995,47.71,7.1
2025-02-11 06:46:05,24.995,47.73,7.4
2025-02-11 06:47:05,24.99,47.74,6.4
2025-02-11 06:48:05,24.99,47.73,7.5
2025-02-11 06:49:05,24.985,47.76,6.1
2025-02-11 06:50:05,24.985,47.8,6.5
2025-02-11 06:51:05,24.985,47.88,7.3
2025-02-11 06:52:05,24.98,47.87,7.0
2025-02-11 06:53:05,24.98,47.93,7.0
2025-02-11 06:54:05,24.98,47.91,7.1
2025-02-11 06:55:05,24.975,47.92,7.9
2025-02-11 06:56:05,24.97,48.0,7.8
2025-02-11 06:56:56,24.97,48.0,8.3
2025-02-11 06:57:56,24.965,48.0,7.0
2025-02-11 06:58:56,24.965,48.01,8.1
2025-02-11 06:59:56,24.965,48.0,7.8
2025-02-11 07:00:56,24.965,47.99,7.0
2025-02-11 07:01:56,24.96,47.99,7.7
2025-02-11 07:02:56,24.965,48.02,7.4
2025-02-11 07:03:56,24.965,48.01,7.6
2025-02-11 07:04:56,24.965,48.02,8.0
2025-02-11 07:05:56,24.965,48.02,7.6
2025-02-11 07:06:56,24.965,48.01,7.3
2025-02-11 07:07:56,24.965,48.02,6.7
2025-02-11 07:08:56,24.965,48.09,6.8
2025-02-11 07:09:56,24.965,48.08,7.5
2025-02-11 07:10:56,24.965,48.09,7.1
2025-02-11 07:12:05,24.965,48.05,6.3
2025-02-11 07:13:05,24.965,48.07,6.3
2025-02-11 07:14:05,24.965,48.06,7.0
2025-02-11 07:15:05,24.965,48.05,6.3
2025-02-11 07:16:05,24.965,48.05,6.7
2025-02-11 07:17:05,24.965,48.15,6.7
2025-02-11 07:18:05,24.97,48.1,6.2
2025-02-11 07:19:05,24.97,48.08,6.4
2025-02-11 07:20:05,24.97,48.09,6.4
2025-02-11 07:21:05,24.97,48.07,6.3
2025-02-11 07:22:05,24.97,48.16,5.6
2025-02-11 07:23:05,24.97,48.13,6.0
2025-02-11 07:24:05,24.965,48.06,6.1
2025-02-11 07:25:05,24.965,48.14,6.2
2025-02-11 07:26:05,24.96,48.25,6.2
2025-02-11 07:27:14,24.955,48.22,6.0
2025-02-11 07:28:14,24.955,48.24,5.7
2025-02-11 07:29:14,24.955,48.25,6.0
2025-02-11 07:30:14,24.955,48.25,5.9
2025-02-11 07:31:14,24.955,48.2,5.5
2025-02-11 07:32:14,24.96,48.24,5.9
2025-02-11 07:33:14,24.96,48.24,5.5
2025-02-11 07:34:14,24.96,48.23,6.0
2025-02-11 07:35:14,24.965,48.26,5.4
2025-02-11 07:36:14,24.965,48.17,5.3
2025-02-11 07:37:14,24.96,48.21,5.4
2025-02-11 07:38:14,24.96,48.17,6.4
2025-02-11 07:39:14,24.96,48.26,5.9
2025-02-11 07:40:14,24.955,48.14,5.1
2025-02-11 07:41:14,24.95,48.11,5.3
2025-02-11 07:42:33,24.95,48.17,5.5
2025-02-11 07:43:33,24.95,48.2,5.5
2025-02-11 07:44:33,24.95,48.19,5.7
2025-02-11 07:45:33,24.95,48.18,5.0
2025-02-11 07:46:33,24.95,48.08,5.1
2025-02-11 07:47:33,24.945,48.08,4.7
2025-02-11 07:48:33,24.945,48.13,5.8
2025-02-11 07:49:33,24.94,48.16,5.5
2025-02-11 07:50:33,24.94,48.17,5.7
2025-02-11 07:51:33,24.94,48.1,5.5
2025-02-11 07:52:33,24.935,48.1,5.6
2025-02-11 07:53:33,24.935,48.15,5.4
2025-02-11 07:54:33,24.94,48.17,5.3
2025-02-11 07:55:33,24.94,48.19,5.6
2025-02-11 07:56:33,24.94,48.19,5.0
2025-02-11 07:57:55,24.94,48.18,5.1
2025-02-11 07:58:55,24.945,48.17,5.2
2025-02-11 07:59:55,24.945,48.16,5.2
2025-02-11 08:00:55,24.95,48.15,5.4
2025-02-11 08:01:55,24.95,48.18,5.8
2025-02-11 08:02:55,24.955,48.16,5.6
2025-02-11 08:03:55,24.96,48.17,5.0
2025-02-11 08:04:55,24.96,48.11,5.3
2025-02-11 08:05:55,24.96,48.08,5.4
2025-02-11 08:06:55,24.965,47.98,5.6
2025-02-11 08:07:55,24.965,47.97,4.9
2025-02-11 08:08:55,24.965,47.94,5.6
2025-02-11 08:09:55,24.965,47.88,5.0
2025-02-11 08:10:55,24.965,47.9,5.3
2025-02-11 08:11:55,24.965,47.95,5.2
2025-02-11 08:12:39,24.965,47.96,5.3
2025-02-11 08:13:39,24.96,47.89,5.3
2025-02-11 08:14:39,24.96,47.88,5.2
2025-02-11 08:15:39,24.955,47.8,5.0
2025-02-11 08:16:39,24.955,47.85,5.2
2025-02-11 08:17:39,24.95,47.87,5.3
2025-02-11 08:18:39,24.945,47.85,5.4
2025-02-11 08:19:39,24.94,47.85,5.4
2025-02-11 08:20:39,24.935,47.85,4.9
2025-02-11 08:21:39,24.93,47.81,5.2
2025-02-11 08:22:39,24.925,47.87,5.6
2025-02-11 08:23:39,24.925,47.88,4.8
2025-02-11 08:24:39,24.92,47.84,4.6
2025-02-11 08:25:39,24.915,47.79,5.2
2025-02-11 08:26:39,24.91,47.9,4.7
2025-02-11 08:28:13,24.905,47.98,5.8
2025-02-11 08:29:13,24.9,47.97,5.7
2025-02-11 08:30:13,24.9,47.85,4.6
2025-02-11 08:31:13,24.895,47.88,4.6
2025-02-11 08:32:13,24.89,47.88,5.3
2025-02-11 08:33:13,24.88,47.91,5.1
2025-02-11 08:34:13,24.875,47.91,4.9
2025-02-11 08:35:13,24.87,47.96,5.6
2025-02-11 08:36:13,24.865,47.93,4.9
2025-02-11 08:37:13,24.86,47.96,4.9
2025-02-11 08:38:13,24.855,47.92,5.4
2025-02-11 08:39:13,24.845,47.97,4.5
2025-02-11 08:40:13,24.84,48.01,5.1
2025-02-11 08:41:13,24.83,48.02,5.0
2025-02-11 08:42:13,24.825,48.13,5.4
2025-02-11 08:43:04,24.82,48.15,4.3
2025-02-11 08:44:05,24.815,48.12,4.9
2025-02-11 08:45:05,24.81,48.06,4.7
2025-02-11 08:46:05,24.81,48.13,5.2
2025-02-11 08:47:05,24.805,48.21,5.2
2025-02-11 08:48:05,24.805,48.19,5.0
2025-02-11 08:49:05,24.805,48.13,5.3
2025-02-11 08:50:05,24.805,48.21,5.3
2025-02-11 08:51:05,24.8,48.19,5.5
2025-02-11 08:52:05,24.8,48.2,5.1
2025-02-11 08:53:05,24.8,48.23,5.1
2025-02-11 08:54:05,24.8,48.22,5.6
2025-02-11 08:55:05,24.8,48.21,5.3
2025-02-11 08:56:05,24.795,48.26,5.7
2025-02-11 08:57:05,24.795,48.27,5.0
2025-02-11 08:58:05,24.79,48.37,6.2
2025-02-11 08:58:56,24.785,48.44,6.1
2025-02-11 08:59:56,24.78,48.4,6.7
2025-02-11 09:00:56,24.78,48.44,8.4
2025-02-11 09:01:56,24.775,48.41,8.4
2025-02-11 09:02:56,24.775,48.35,8.1
2025-02-11 09:03:56,24.775,48.32,8.4
2025-02-11 09:04:56,24.77,48.43,8.4
2025-02-11 09:05:56,24.77,48.5,11.2
2025-02-11 09:06:56,24.765,48.46,10.8
2025-02-11 09:07:56,24.765,48.46,10.5
2025-02-11 09:08:56,24.76,48.42,10.8
2025-02-11 09:09:56,24.76,48.4,11.7
2025-02-11 09:10:56,24.755,48.44,11.3
2025-02-11 09:11:56,24.75,48.41,11.9
2025-02-11 09:12:56,24.75,48.46,10.0
2025-02-11 09:14:15,24.745,48.51,10.8
2025-02-11 09:15:15,24.745,48.56,9.6
2025-02-11 09:16:15,24.745,48.5,10.0
2025-02-11 09:17:15,24.745,48.35,9.8
2025-02-11 09:18:15,24.74,48.45,9.7
2025-02-11 09:19:15,24.74,48.49,9.4
2025-02-11 09:20:15,24.74,48.49,10.0
2025-02-11 09:21:15,24.735,48.53,9.0
2025-02-11 09:22:15,24.735,48.54,7.9
2025-02-11 09:23:15,24.73,48.5,8.4
2025-02-11 09:24:15,24.725,48.47,8.5
2025-02-11 09:25:15,24.725,48.54,8.4
2025-02-11 09:26:15,24.725,48.59,7.3
2025-02-11 09:27:00,24.72,48.62,8.2
2025-02-11 09:28:00,24.72,48.73,7.9
2025-02-11 09:29:00,24.715,48.82,6.7
2025-02-11 09:30:00,24.71,48.69,7.4
2025-02-11 09:31:00,24.695,48.59,7.5
2025-02-11 09:32:00,24.69,48.64,7.3
2025-02-11 09:33:00,24.68,48.64,7.0
2025-02-11 09:34:00,24.675,48.61,6.4
2025-02-11 09:35:00,24.67,48.63,7.1
2025-02-11 09:36:00,24.665,48.68,6.8
2025-02-11 09:37:00,24.665,48.69,6.3
2025-02-11 09:38:00,24.66,48.67,6.4
2025-02-11 09:39:00,24.66,48.69,6.5
2025-02-11 09:40:00,24.655,48.68,6.8
2025-02-11 09:41:00,24.655,48.73,6.0
2025-02-11 09:42:15,24.655,48.75,7.0
2025-02-11 09:43:15,24.655,48.72,6.3
2025-02-11 09:44:15,24.655,48.7,6.6
2025-02-11 09:45:15,24.655,48.81,6.5
2025-02-11 09:46:15,24.65,48.75,6.1
2025-02-11 09:47:15,24.65,48.65,6.4
2025-02-11 09:48:15,24.645,48.66,6.0
2025-02-11 09:49:15,24.645,48.63,6.4
2025-02-11 09:50:15,24.645,48.64,6.4
2025-02-11 09:51:15,24.64,48.66,6.0
2025-02-11 09:52:15,24.64,48.62,5.4
2025-02-11 09:53:15,24.635,48.6,6.6
2025-02-11 09:54:15,24.635,48.64,5.3
2025-02-11 09:55:15,24.63,48.61,6.3
2025-02-11 09:56:15,24.63,48.66,6.2
2025-02-11 09:57:22,24.625,48.64,6.4
2025-02-11 09:58:22,24.625,48.57,5.5
2025-02-11 09:59:22,24.62,48.65,6.1
2025-02-11 10:00:22,24.615,48.68,5.9
2025-02-11 10:01:22,24.61,48.71,6.4
2025-02-11 10:02:22,24.605,48.77,6.1
2025-02-11 10:03:22,24.605,48.66,5.7
2025-02-11 10:04:22,24.6,48.64,5.5
2025-02-11 10:05:22,24.595,48.71,6.0
2025-02-11 10:06:22,24.59,48.76,5.9
2025-02-11 10:07:22,24.58,48.85,5.9
2025-02-11 10:08:22,24.575,48.87,5.7
2025-02-11 10:09:22,24.57,48.81,5.4
2025-02-11 10:10:22,24.565,48.72,5.6
2025-02-11 10:11:22,24.56,48.69,6.6
2025-02-11 10:12:35,24.555,48.7,5.5
2025-02-11 10:13:35,24.55,48.71,5.6
2025-02-11 10:14:35,24.545,48.78,5.6
2025-02-11 10:15:35,24.54,48.82,5.9
2025-02-11 10:16:35,24.53,48.81,5.9
2025-02-11 10:17:35,24.525,48.67,5.3
2025-02-11 10:18:35,24.52,48.68,5.9
2025-02-11 10:19:35,24.52,48.66,5.9
2025-02-11 10:20:35,24.515,48.62,5.8
2025-02-11 10:21:35,24.515,48.67,5.9
2025-02-11 10:22:35,24.505,48.82,5.5
2025-02-11 10:23:35,24.495,48.97,5.4
2025-02-11 10:24:35,24.49,49.05,6.3
2025-02-11 10:25:35,24.48,49.19,5.7
2025-02-11 10:26:35,24.47,49.22,5.0
2025-02-11 10:27:46,24.455,49.28,6.1
2025-02-11 10:28:46,24.45,49.3,5.8
2025-02-11 10:29:46,24.445,49.37,5.8
2025-02-11 10:30:46,24.44,49.46,6.2
2025-02-11 10:31:46,24.43,49.39,5.5
2025-02-11 10:32:46,24.43,49.32,5.3
2025-02-11 10:33:46,24.425,49.33,5.5
2025-02-11 10:34:46,24.42,49.25,6.0
2025-02-11 10:35:46,24.415,49.26,5.8
2025-02-11 10:36:46,24.41,49.28,5.0
2025-02-11 10:37:46,24.41,49.24,5.5
2025-02-11 10:38:46,24.405,49.25,5.2
2025-02-11 10:39:46,24.4,49.18,6.1
2025-02-11 10:40:46,24.395,49.24,5.6
2025-02-11 10:41:46,24.395,49.26,5.1
2025-02-11 10:43:07,24.39,49.33,5.4
2025-02-11 10:44:07,24.39,49.37,5.8
2025-02-11 10:45:07,24.39,49.46,5.4
2025-02-11 10:46:07,24.39,49.5,6.1
2025-02-11 10:47:07,24.39,49.52,6.0
2025-02-11 10:48:07,24.39,49.47,6.0
2025-02-11 10:49:07,24.395,49.46,6.1
2025-02-11 10:50:07,24.395,49.55,5.6
2025-02-11 10:51:07,24.395,49.52,6.3
2025-02-11 10:52:07,24.395,49.48,6.3
2025-02-11 10:53:07,24.395,49.51,6.5
2025-02-11 10:54:07,24.395,49.52,6.4
2025-02-11 10:55:07,24.395,49.49,6.2
2025-02-11 10:56:07,24.395,49.46,5.6
2025-02-11 10:57:07,24.395,49.48,6.4
2025-02-11 11:13:21,24.355,49.38,5.2
2025-02-11 11:14:21,24.35,49.39,5.4
2025-02-11 11:15:21,24.35,49.45,6.0
2025-02-11 11:16:21,24.345,49.5,5.3
2025-02-11 11:17:21,24.345,49.48,5.2
2025-02-11 11:18:21,24.34,49.46,5.5
2025-02-11 11:19:21,24.34,49.36,5.5
2025-02-11 11:20:21,24.34,49.36,5.0
2025-02-11 11:21:21,24.34,49.31,5.6
2025-02-11 11:22:21,24.335,49.35,5.8
2025-02-11 11:23:21,24.335,49.35,4.9
2025-02-11 11:24:21,24.335,49.35,5.3
2025-02-11 11:25:21,24.33,49.36,5.0
2025-02-11 11:26:21,24.325,49.37,5.1
2025-02-11 11:27:21,24.325,49.37,5.2
2025-02-11 11:28:30,24.325,49.34,4.1
2025-02-11 11:29:30,24.32,49.32,5.1
2025-02-11 11:30:30,24.32,49.38,5.4
2025-02-11 11:31:30,24.32,49.41,5.3
2025-02-11 11:32:30,24.315,49.48,5.2
2025-02-11 11:33:30,24.315,49.46,4.9
2025-02-11 11:34:30,24.315,49.42,4.9
2025-02-11 11:35:30,24.31,49.4,4.6
2025-02-11 11:36:30,24.31,49.35,4.6
2025-02-11 11:37:30,24.31,49.34,5.3
2025-02-11 11:38:30,24.31,49.33,4.8
2025-02-11 11:39:30,24.305,49.37,5.7
2025-02-11 11:40:30,24.305,49.35,4.9
2025-02-11 11:41:31,24.305,49.31,5.8
2025-02-11 11:42:31,24.3,49.32,5.2
2025-02-11 11:43:36,24.3,49.32,5.3
2025-02-11 11:44:36,24.295,49.32,4.4
2025-02-11 11:45:36,24.295,49.41,4.6
2025-02-11 11:46:36,24.295,49.51,5.2
2025-02-11 11:47:36,24.29,49.56,4.9
2025-02-11 11:48:36,24.29,49.45,5.2
2025-02-11 11:49:36,24.285,49.45,4.7
2025-02-11 11:50:36,24.285,49.48,4.6
2025-02-11 11:51:36,24.285,49.41,4.1
2025-02-11 11:52:36,24.28,49.36,4.6
2025-02-11 11:53:36,24.275,49.38,4.5
2025-02-11 11:54:36,24.27,49.36,5.4
2025-02-11 11:55:36,24.265,49.36,4.7
2025-02-11 11:56:36,24.26,49.39,5.1
2025-02-11 11:57:36,24.25,49.42,4.5
2025-02-11 11:58:50,24.245,49.37,4.8
2025-02-11 11:59:50,24.235,49.4,4.6
2025-02-11 12:00:50,24.23,49.38,4.8
2025-02-11 12:01:50,24.225,49.48,5.1
2025-02-11 12:02:50,24.22,49.6,5.1
2025-02-11 12:03:50,24.215,49.67,5.0
2025-02-11 12:04:50,24.21,49.63,5.0
2025-02-11 12:05:50,24.205,49.59,4.8
2025-02-11 12:06:50,24.2,49.52,4.6
2025-02-11 12:07:50,24.2,49.53,4.2
2025-02-11 12:08:50,24.2,49.53,4.9
2025-02-11 12:09:50,24.2,49.54,4.2
2025-02-11 12:11:50,24.2,49.53,4.3
2025-02-11 12:12:50,24.2,49.52,4.6
2025-02-11 12:14:19,24.195,49.5,4.6
2025-02-11 12:15:19,24.195,49.53,4.7
2025-02-11 12:16:19,24.19,49.49,5.0
2025-02-11 12:17:19,24.185,49.65,4.5
2025-02-11 12:18:19,24.18,49.69,4.3
2025-02-11 12:19:19,24.175,49.73,4.3
2025-02-11 12:20:19,24.175,49.69,4.5
2025-02-11 12:21:19,24.175,49.62,4.2
2025-02-11 12:22:19,24.17,49.69,4.7
2025-02-11 12:23:19,24.17,49.68,4.4
2025-02-11 12:24:19,24.17,49.72,5.1
2025-02-11 12:25:19,24.17,49.74,4.8
2025-02-11 12:26:19,24.17,49.71,4.7
2025-02-11 12:27:19,24.17,49.68,4.3
2025-02-11 12:28:19,24.165,49.64,4.5
2025-02-11 12:29:20,24.165,49.68,4.2
2025-02-11 12:30:20,24.165,49.64,4.6
2025-02-11 12:31:20,24.165,49.68,4.4
2025-02-11 12:32:20,24.165,49.73,4.3
2025-02-11 12:33:20,24.165,49.78,5.2
2025-02-11 12:34:20,24.16,49.8,4.6
2025-02-11 12:35:20,24.16,49.69,4.7
2025-02-11 12:36:20,24.16,49.65,4.3
2025-02-11 12:37:20,24.155,49.64,4.2
2025-02-11 12:38:20,24.155,49.71,5.0
2025-02-11 12:39:20,24.15,49.72,4.7
2025-02-11 12:40:20,24.15,49.77,4.5
2025-02-11 12:41:20,24.15,49.77,4.0
2025-02-11 12:42:20,24.15,49.76,4.1
2025-02-11 12:43:20,24.15,49.78,4.6
2025-02-11 12:44:18,24.15,49.76,5.0
2025-02-11 12:45:18,24.15,49.8,5.1
2025-02-11 12:46:18,24.15,49.81,4.7
2025-02-11 12:47:18,24.15,49.82,4.4
2025-02-11 12:48:18,24.145,49.92,4.8
2025-02-11 12:49:18,24.145,49.96,4.5
2025-02-11 12:50:18,24.145,49.98,4.7
2025-02-11 12:51:18,24.145,49.85,5.1
2025-02-11 12:52:18,24.15,49.89,4.5
2025-02-11 12:53:18,24.15,49.87,4.7
2025-02-11 12:54:18,24.15,49.91,5.1
2025-02-11 12:55:18,24.15,49.99,4.7
2025-02-11 12:56:18,24.15,49.97,4.9
2025-02-11 12:57:18,24.15,49.94,4.3
2025-02-11 12:58:18,24.15,49.85,4.3
2025-02-11 12:59:27,24.145,49.84,4.5
2025-02-11 13:00:27,24.145,49.86,4.7
2025-02-11 13:01:27,24.145,49.97,4.5
2025-02-11 13:02:27,24.145,50.04,4.8
2025-02-11 13:03:27,24.145,50.0,4.4
2025-02-11 13:04:27,24.14,50.04,4.5
2025-02-11 13:05:27,24.14,50.04,5.0
2025-02-11 13:06:27,24.14,49.97,4.4
2025-02-11 13:07:27,24.14,50.0,4.8
2025-02-11 13:08:27,24.135,50.04,4.5
2025-02-11 13:09:27,24.135,50.01,5.0
2025-02-11 13:10:27,24.135,50.02,5.1
2025-02-11 13:11:27,24.135,50.02,5.1
2025-02-11 13:12:27,24.135,50.11,4.8
2025-02-11 13:13:27,24.13,50.15,4.5
2025-02-11 13:14:44,24.13,50.24,4.7
2025-02-11 13:15:44,24.125,50.21,4.9
2025-02-11 13:16:44,24.125,50.25,5.0
2025-02-11 13:17:44,24.125,50.32,4.8
2025-02-11 13:18:44,24.12,50.3,5.4
2025-02-11 13:19:44,24.12,50.23,5.2
2025-02-11 13:20:44,24.115,50.31,4.8
2025-02-11 13:21:44,24.115,50.37,4.7
2025-02-11 13:22:33,24.11,50.39,5.0
2025-02-11 13:23:33,24.11,50.44,4.3
2025-02-11 13:24:33,24.105,50.41,5.0
2025-02-11 13:25:33,24.1,50.41,4.5
2025-02-11 13:26:33,24.095,50.38,5.2
2025-02-11 13:27:33,24.09,50.39,4.7
2025-02-11 13:28:33,24.09,50.4,4.7
2025-02-11 13:29:33,24.085,50.48,4.9
2025-02-11 13:30:33,24.085,50.51,4.9
2025-02-11 13:31:33,24.08,50.58,4.6
2025-02-11 13:32:33,24.075,50.52,5.1
2025-02-11 13:33:33,24.07,50.64,4.8
2025-02-11 13:34:33,24.065,50.62,4.5
2025-02-11 13:35:33,24.055,50.7,4.8
2025-02-11 13:36:33,24.05,50.59,5.7
2025-02-11 13:37:39,24.045,50.56,4.9
2025-02-11 13:38:39,24.04,50.64,5.2
2025-02-11 13:39:39,24.035,50.68,5.1
2025-02-11 13:40:39,24.03,50.72,4.7
2025-02-11 13:41:39,24.03,50.74,4.8
2025-02-11 13:42:39,24.025,50.7,5.1
2025-02-11 13:43:39,24.02,50.76,5.4
2025-02-11 13:44:39,24.015,50.86,5.7
2025-02-11 13:45:39,24.01,50.84,5.4
2025-02-11 13:46:39,24.01,50.76,5.1
2025-02-11 13:47:39,24.005,50.73,5.2
2025-02-11 13:48:39,24.0,50.73,5.3
2025-02-11 13:49:39,24.0,50.79,4.7
2025-02-11 13:50:39,23.995,50.89,5.4
2025-02-11 13:51:39,23.995,50.92,5.9
2025-02-11 13:52:45,23.995,50.92,5.3
2025-02-11 13:53:45,23.99,50.88,5.4
2025-02-11 13:54:45,23.99,50.86,5.1
2025-02-11 13:55:45,23.99,50.84,4.9
2025-02-11 13:56:45,23.99,50.97,5.1
2025-02-11 13:57:45,23.99,50.95,5.5
2025-02-11 13:58:45,23.995,50.88,5.5
2025-02-11 13:59:45,23.99,50.78,5.0
2025-02-11 14:00:45,23.99,50.85,5.0
2025-02-11 14:01:45,23.99,50.97,5.1
2025-02-11 14:02:45,23.995,51.0,5.3
2025-02-11 14:03:45,23.995,50.96,5.2
2025-02-11 14:04:45,24.0,51.04,5.1
2025-02-11 14:05:45,24.005,51.1,5.3
2025-02-11 14:06:45,24.01,51.09,5.5
2025-02-11 14:07:56,24.02,51.11,5.8
2025-02-11 14:08:56,24.025,51.1,5.5
2025-02-11 14:09:56,24.03,51.1,4.9
2025-02-11 14:10:56,24.04,51.06,5.6
2025-02-11 14:11:56,24.045,51.04,4.7
2025-02-11 14:12:56,24.055,51.06,5.2
2025-02-11 14:13:56,24.06,51.09,6.1
2025-02-11 14:14:55,24.07,51.07,5.4
2025-02-11 14:15:55,24.08,51.04,5.4
2025-02-11 14:16:55,24.09,51.02,5.2
2025-02-11 14:17:55,24.1,51.06,5.2
2025-02-11 14:18:55,24.11,51.02,5.6
2025-02-11 14:19:55,24.12,51.02,5.6
2025-02-11 14:20:55,24.13,51.02,5.1
2025-02-11 14:21:55,24.145,50.99,6.0
2025-02-11 14:22:55,24.155,51.03,5.3
2025-02-11 14:23:55,24.165,50.97,5.2
2025-02-11 14:24:55,24.17,50.91,5.2
2025-02-11 14:25:55,24.18,51.01,5.4
2025-02-11 14:26:55,24.19,51.03,5.9
2025-02-11 14:27:55,24.195,51.02,5.5
2025-02-11 14:28:55,24.21,50.99,5.3
2025-02-11 14:29:50,24.215,51.04,5.9
2025-02-11 14:30:31,24.225,51.02,5.7
2025-02-11 14:31:31,24.235,50.96,5.8
2025-02-11 14:32:31,24.245,50.99,5.7
2025-02-11 14:33:31,24.255,51.02,5.8
2025-02-11 14:34:31,24.265,51.09,6.0
2025-02-11 14:35:31,24.275,51.05,5.2
2025-02-11 14:36:31,24.285,50.99,5.7
2025-02-11 14:37:31,24.295,50.97,5.0
2025-02-11 14:38:31,24.305,51.03,5.7
2025-02-11 14:39:31,24.315,51.0,5.8
2025-02-11 14:40:31,24.325,51.07,6.0
2025-02-11 14:41:31,24.33,51.16,6.2
2025-02-11 14:42:31,24.34,51.13,5.8
2025-02-11 14:43:31,24.35,51.12,5.7
2025-02-11 14:44:31,24.355,50.93,5.9
2025-02-11 14:46:01,24.365,50.9,5.5
2025-02-11 14:47:01,24.375,50.84,6.0
2025-02-11 14:48:01,24.38,50.79,5.5
2025-02-11 14:49:01,24.385,50.7,5.6
2025-02-11 14:50:01,24.395,50.63,5.9
2025-02-11 14:51:01,24.4,50.74,6.2
2025-02-11 14:52:01,24.405,50.71,5.5
2025-02-11 14:53:01,24.41,50.67,6.2
2025-02-11 14:54:01,24.415,50.7,6.0
2025-02-11 14:55:01,24.42,50.64,5.7
2025-02-11 14:56:01,24.425,50.63,5.9
2025-02-11 14:57:01,24.43,50.71,5.4
2025-02-11 14:58:01,24.43,50.55,5.4
2025-02-11 14:59:01,24.435,50.59,6.0
2025-02-11 15:00:01,24.44,50.5,6.1
2025-02-11 15:01:14,24.445,50.48,5.6
2025-02-11 15:02:14,24.45,50.42,5.7
2025-02-11 15:03:14,24.455,50.52,5.9
2025-02-11 15:04:14,24.46,50.39,5.5
2025-02-11 15:05:14,24.465,50.39,5.3
2025-02-11 15:06:14,24.47,50.31,5.9
2025-02-11 15:07:14,24.475,50.33,5.7
2025-02-11 15:08:14,24.48,50.41,5.8
2025-02-11 15:09:14,24.48,50.43,5.7
2025-02-11 15:10:14,24.485,50.5,5.7
2025-02-11 15:11:14,24.49,50.3,6.0
2025-02-11 15:12:14,24.495,50.22,6.0
2025-02-11 15:13:14,24.5,50.26,6.4
2025-02-11 15:14:14,24.5,50.28,5.5
2025-02-11 15:15:14,24.505,50.25,5.7
2025-02-11 15:16:19,24.505,50.27,5.7
2025-02-11 15:17:19,24.51,50.18,6.0
2025-02-11 15:18:19,24.515,50.16,6.1
2025-02-11 15:19:19,24.52,50.28,6.5
2025-02-11 15:20:19,24.525,50.32,6.2
2025-02-11 15:21:19,24.53,50.33,6.9
2025-02-11 15:22:19,24.535,50.28,6.5
2025-02-11 15:23:19,24.535,50.25,6.5
2025-02-11 15:24:19,24.54,50.15,6.2
2025-02-11 15:25:19,24.545,50.29,6.7
2025-02-11 15:26:19,24.545,50.26,5.7
2025-02-11 15:27:19,24.545,50.25,6.3
2025-02-11 15:28:19,24.55,50.25,6.4
2025-02-11 15:29:19,24.555,50.37,6.0
2025-02-11 15:30:19,24.555,50.32,6.4
2025-02-11 15:31:13,24.56,50.31,6.2
2025-02-11 15:32:13,24.565,50.21,6.5
2025-02-11 15:32:55,24.57,50.26,6.6
2025-02-11 15:33:55,24.575,50.27,6.6
2025-02-11 15:34:55,24.58,50.24,6.2
2025-02-11 15:35:55,24.58,50.14,6.4
2025-02-11 15:36:55,24.59,50.17,6.8
2025-02-11 15:37:55,24.59,50.13,6.4
2025-02-11 15:38:55,24.595,50.07,5.9
2025-02-11 15:39:55,24.595,50.08,6.1
2025-02-11 15:40:55,24.6,50.17,6.4
2025-02-11 15:41:55,24.6,50.17,6.9
2025-02-11 15:42:55,24.605,50.18,6.2
2025-02-11 15:43:55,24.605,50.11,6.1
2025-02-11 15:44:55,24.605,50.09,6.9
2025-02-11 15:45:55,24.605,50.08,6.1
2025-02-11 15:46:55,24.605,50.05,6.6
2025-02-11 15:48:10,24.61,49.98,6.3
2025-02-11 15:49:10,24.61,50.05,6.2
2025-02-11 15:50:10,24.615,49.95,6.2
2025-02-11 15:51:10,24.615,49.96,6.6
2025-02-11 15:52:10,24.62,50.01,6.9
2025-02-11 15:53:10,24.62,49.93,6.3
2025-02-11 15:54:10,24.625,49.94,6.3
2025-02-11 15:55:10,24.625,49.95,6.4
2025-02-11 15:56:10,24.625,49.96,6.5
2025-02-11 15:57:10,24.63,49.91,6.6
2025-02-11 15:58:10,24.63,49.87,7.0
2025-02-11 15:59:10,24.63,49.9,6.7
2025-02-11 16:00:10,24.63,50.02,6.5
2025-02-11 16:01:10,24.635,49.93,6.3
2025-02-11 16:02:10,24.635,49.91,6.5
2025-02-11 16:03:29,24.635,49.97,6.4
2025-02-11 16:04:29,24.635,49.88,6.7
2025-02-11 16:05:29,24.635,49.91,6.2
2025-02-11 16:06:29,24.635,49.93,6.7
2025-02-11 16:07:29,24.64,50.01,6.6
2025-02-11 16:08:29,24.64,49.99,6.8
2025-02-11 16:09:29,24.645,49.99,6.5
2025-02-11 16:10:29,24.645,50.15,6.8
2025-02-11 16:11:29,24.645,50.21,6.5
2025-02-11 16:12:29,24.65,50.02,6.8
2025-02-11 16:13:28,24.65,50.04,6.8
2025-02-11 16:14:28,24.65,50.14,6.9
2025-02-11 16:15:28,24.65,50.12,6.5
2025-02-11 16:16:28,24.65,50.04,6.0
2025-02-11 16:17:28,24.65,49.99,6.0
2025-02-11 16:18:30,24.65,49.95,6.5
2025-02-11 16:19:30,24.65,50.07,5.9
2025-02-11 16:20:30,24.65,49.96,5.4
2025-02-11 16:21:30,24.65,50.03,6.3
2025-02-11 16:22:30,24.65,50.29,6.9
2025-02-11 16:23:30,24.65,50.29,7.1
2025-02-11 16:24:30,24.65,50.44,7.1
2025-02-11 16:25:30,24.65,50.26,6.7
2025-02-11 16:26:30,24.655,50.26,6.9
2025-02-11 16:27:30,24.655,50.34,6.4
2025-02-11 16:28:30,24.655,50.49,7.1
2025-02-11 16:29:30,24.655,50.45,7.1
2025-02-11 16:30:30,24.66,50.37,6.5
2025-02-11 16:31:30,24.66,50.49,6.6
2025-02-11 16:32:30,24.66,50.57,7.4
2025-02-11 16:33:50,24.66,50.63,7.6
2025-02-11 16:34:50,24.665,50.54,6.8
2025-02-11 16:35:50,24.665,50.64,7.4
2025-02-11 16:36:50,24.665,50.63,7.4
2025-02-11 16:37:50,24.67,50.66,7.1
2025-02-11 16:38:50,24.67,50.54,7.1
2025-02-11 16:39:50,24.67,50.63,6.6
2025-02-11 16:40:50,24.67,50.73,6.7
2025-02-11 16:41:50,24.675,50.77,7.2
2025-02-11 16:42:50,24.675,50.81,6.9
2025-02-11 16:43:50,24.68,50.85,7.7
2025-02-11 16:44:50,24.68,50.85,6.4
2025-02-11 16:45:50,24.68,50.69,7.1
2025-02-11 16:46:50,24.68,50.61,6.6
2025-02-11 16:47:50,24.68,50.45,6.3
2025-02-11 16:48:50,24.68,50.46,6.6
2025-02-11 16:49:50,24.68,50.68,6.7
2025-02-11 16:50:50,24.68,50.56,6.7
2025-02-11 16:51:50,24.685,50.58,7.3
2025-02-11 16:52:50,24.685,50.38,6.4
2025-02-11 16:53:50,24.685,50.54,6.9
2025-02-11 16:54:50,24.685,50.48,6.7
2025-02-11 16:55:50,24.685,50.66,7.5
2025-02-11 16:56:50,24.685,50.52,6.8
2025-02-11 16:57:38,24.685,50.52,6.7
2025-02-11 16:58:38,24.685,50.64,6.5
2025-02-11 16:59:38,24.69,50.65,6.5
2025-02-11 17:00:38,24.69,50.68,7.5
2025-02-11 17:01:38,24.69,50.56,6.6
2025-02-11 17:02:38,24.685,50.35,6.9
2025-02-11 17:03:38,24.685,50.45,6.9
2025-02-11 17:04:38,24.685,50.48,6.0
2025-02-11 17:05:38,24.68,50.45,6.3
2025-02-11 17:06:38,24.68,50.39,6.4
2025-02-11 17:07:38,24.68,50.42,6.7
2025-02-11 17:08:38,24.68,50.58,7.2
2025-02-11 17:09:38,24.68,50.51,6.6
2025-02-11 17:10:38,24.68,50.46,7.0
2025-02-11 17:11:38,24.675,50.43,6.1
2025-02-11 17:13:01,24.675,50.41,6.1
2025-02-11 17:13:44,24.675,50.37,6.3
2025-02-11 17:14:44,24.68,50.43,6.1
2025-02-11 17:15:44,24.68,50.55,6.6
2025-02-11 17:16:44,24.685,50.5,7.0
2025-02-11 17:17:44,24.69,50.41,6.6
2025-02-11 17:18:44,24.695,50.42,6.3
2025-02-11 17:19:44,24.695,50.44,6.1
2025-02-11 17:20:44,24.7,50.37,6.4
2025-02-11 17:21:44,24.705,50.59,6.9
2025-02-11 17:22:44,24.705,50.52,6.1
2025-02-11 17:23:44,24.71,50.47,6.3
2025-02-11 17:24:44,24.71,50.37,6.3
2025-02-11 17:25:44,24.71,50.35,6.4
2025-02-11 17:26:44,24.71,50.45,6.3
2025-02-11 17:27:44,24.71,50.47,6.5
2025-02-11 17:29:02,24.71,50.52,6.6
2025-02-11 17:30:02,24.71,50.45,6.4
2025-02-11 17:31:02,24.71,50.75,7.1
2025-02-11 17:32:02,24.71,50.55,7.2
2025-02-11 17:33:02,24.71,50.66,6.4
2025-02-11 17:34:02,24.71,50.56,6.6
2025-02-11 17:35:02,24.71,50.83,6.3
2025-02-11 17:36:02,24.71,50.8,7.0
2025-02-11 17:37:02,24.71,50.86,6.3
2025-02-11 17:38:02,24.71,50.7,6.5
2025-02-11 17:39:02,24.71,50.71,6.8
2025-02-11 17:40:02,24.71,50.93,7.2
2025-02-11 17:41:02,24.705,50.89,6.6
2025-02-11 17:42:02,24.7,50.97,6.7
2025-02-11 17:43:02,24.7,50.96,6.7
2025-02-11 17:44:01,24.7,51.01,6.4
2025-02-11 17:45:01,24.7,51.09,7.1
2025-02-11 17:46:01,24.7,51.13,6.9
2025-02-11 17:47:01,24.7,51.06,7.0
2025-02-11 17:48:01,24.7,51.17,6.6
2025-02-11 17:49:01,24.7,51.2,7.3
2025-02-11 17:50:01,24.7,51.28,6.1
2025-02-11 17:51:01,24.7,51.13,6.8
2025-02-11 17:52:02,24.7,51.15,6.7
2025-02-11 17:53:02,24.695,50.98,6.1
2025-02-11 17:54:02,24.7,51.16,7.2
2025-02-11 17:55:02,24.7,51.03,6.6
2025-02-11 17:56:02,24.7,50.97,6.5
2025-02-11 17:57:02,24.7,50.97,7.0
2025-02-11 17:58:02,24.7,51.09,6.8
2025-02-11 17:59:31,24.7,50.89,6.9
2025-02-11 18:00:31,24.7,50.82,6.9
2025-02-11 18:01:31,24.7,50.9,6.3
2025-02-11 18:02:31,24.7,50.86,6.3
2025-02-11 18:03:31,24.7,50.76,5.9
2025-02-11 18:04:31,24.7,50.74,6.3
2025-02-11 18:05:31,24.705,50.71,5.8
2025-02-11 18:06:31,24.705,50.76,6.7
2025-02-11 18:07:31,24.705,50.58,6.6
2025-02-11 18:08:31,24.705,50.7,6.2
2025-02-11 18:09:31,24.705,50.53,6.5
2025-02-11 18:10:31,24.705,50.62,6.0
2025-02-11 18:11:31,24.71,50.6,6.9
2025-02-11 18:12:31,24.705,50.58,6.1
2025-02-11 18:13:31,24.71,50.47,6.8
2025-02-11 18:14:41,24.71,50.44,7.5
2025-02-11 18:15:41,24.705,50.3,5.6
2025-02-11 18:16:41,24.705,50.26,6.7
2025-02-11 18:17:41,24.705,50.26,7.0
2025-02-11 18:18:41,24.705,50.25,5.8
2025-02-11 18:19:41,24.705,50.29,6.0
2025-02-11 18:20:41,24.705,50.24,6.1
2025-02-11 18:21:41,24.705,50.24,6.4
2025-02-11 18:22:41,24.705,50.18,6.4
2025-02-11 18:23:41,24.705,50.14,6.5
2025-02-11 18:24:41,24.7,50.18,5.5
2025-02-11 18:25:41,24.705,50.17,5.6
2025-02-11 18:26:41,24.705,50.07,5.3
2025-02-11 18:27:41,24.705,50.07,5.6
2025-02-11 18:28:41,24.705,50.14,6.3
2025-02-11 18:29:45,24.71,50.03,5.8
2025-02-11 18:30:45,24.71,50.01,5.7
2025-02-11 18:31:45,24.715,50.07,6.1
2025-02-11 18:32:45,24.715,50.02,6.6
2025-02-11 18:33:45,24.72,49.93,5.5
2025-02-11 18:34:45,24.72,49.88,5.9
2025-02-11 18:35:45,24.725,49.87,6.2
2025-02-11 18:36:45,24.73,49.85,6.2
2025-02-11 18:37:45,24.73,49.81,6.0
2025-02-11 18:38:45,24.73,49.79,6.1
2025-02-11 18:39:45,24.73,49.74,5.7
2025-02-11 18:40:45,24.73,49.68,5.8
2025-02-11 18:41:45,24.735,49.65,5.9
2025-02-11 18:42:45,24.735,49.67,5.9
2025-02-11 18:43:45,24.735,49.68,6.0
2025-02-11 18:44:46,24.735,49.66,6.2
2025-02-11 18:45:46,24.735,49.63,5.8
2025-02-11 18:46:46,24.735,49.69,5.8
2025-02-11 18:47:46,24.735,49.67,6.0
2025-02-11 18:48:46,24.74,49.6,5.7
2025-02-11 18:49:46,24.74,49.55,5.8
2025-02-11 18:50:46,24.74,49.54,5.9
2025-02-11 18:51:46,24.74,49.54,5.9
2025-02-11 18:52:46,24.745,49.54,6.2
2025-02-11 18:53:46,24.745,49.55,5.7
2025-02-11 18:54:46,24.745,49.51,5.5
2025-02-11 18:55:46,24.745,49.49,5.3
2025-02-11 18:56:45,24.745,49.45,5.8
2025-02-11 18:57:45,24.74,49.42,5.7
2025-02-11 18:58:45,24.745,49.47,6.1
2025-02-11 19:00:20,24.74,49.42,5.4
2025-02-11 19:01:20,24.74,49.43,5.5
2025-02-11 19:02:20,24.745,49.45,5.2
2025-02-11 19:03:20,24.74,49.47,5.8
2025-02-11 19:04:20,24.74,49.44,6.2
2025-02-11 19:05:20,24.74,49.36,6.3
2025-02-11 19:06:20,24.74,49.34,5.6
2025-02-11 19:07:20,24.74,49.4,5.9
2025-02-11 19:08:20,24.74,49.38,5.6
2025-02-11 19:09:20,24.74,49.42,5.8
2025-02-11 19:10:20,24.74,49.42,5.8
2025-02-11 19:11:20,24.74,49.37,5.8
2025-02-11 19:12:20,24.735,49.41,5.9
2025-02-11 19:13:20,24.735,49.43,5.9
2025-02-11 19:14:20,24.735,49.44,6.4
2025-02-11 19:15:20,24.73,49.44,6.2
2025-02-11 19:16:20,24.73,49.43,5.9
2025-02-11 19:17:20,24.73,49.37,5.2
2025-02-11 19:18:20,24.73,49.39,6.2
2025-02-11 19:19:20,24.73,49.42,6.2
2025-02-11 19:20:20,24.73,49.4,6.5
2025-02-11 19:21:20,24.725,49.39,6.4
2025-02-11 19:22:20,24.725,49.38,5.9
2025-02-11 19:23:20,24.725,49.34,5.3
2025-02-11 19:24:20,24.725,49.34,6.0
2025-02-11 19:25:20,24.725,49.36,6.1
2025-02-11 19:26:20,24.725,49.32,5.9
2025-02-11 19:27:20,24.72,49.29,5.8
2025-02-11 19:28:20,24.72,49.27,6.0
2025-02-11 19:29:20,24.72,49.23,5.6
2025-02-11 19:30:21,24.72,49.26,5.5
2025-02-11 19:31:21,24.72,49.22,5.9
2025-02-11 19:32:21,24.715,49.22,6.3
2025-02-11 19:33:21,24.72,49.31,6.5
2025-02-11 19:34:21,24.72,49.27,6.2
2025-02-11 19:35:21,24.715,49.21,6.2
2025-02-11 19:36:21,24.715,49.18,5.3
2025-02-11 19:37:21,24.715,49.18,5.9
2025-02-11 19:38:21,24.715,49.14,6.0
2025-02-11 19:39:21,24.715,49.09,6.0
2025-02-11 19:40:21,24.715,49.11,5.7
2025-02-11 19:41:21,24.715,49.06,5.7
2025-02-11 19:42:21,24.715,49.03,5.4
2025-02-11 19:43:21,24.715,49.01,5.8
2025-02-11 19:44:21,24.715,49.02,5.5
2025-02-11 19:45:42,24.71,48.99,5.6
2025-02-11 19:46:42,24.715,48.96,5.8
2025-02-11 19:47:42,24.715,48.97,5.6
2025-02-11 19:48:42,24.715,49.01,5.9
2025-02-11 19:49:42,24.715,48.95,6.0
2025-02-11 19:50:42,24.715,48.9,5.7
2025-02-11 19:51:42,24.715,48.86,5.8
2025-02-11 19:52:42,24.72,48.86,5.8
2025-02-11 19:53:42,24.72,48.83,5.6
2025-02-11 19:54:42,24.72,48.81,6.0
2025-02-11 19:55:42,24.725,48.79,6.7
2025-02-11 19:56:42,24.725,48.76,6.0
2025-02-11 19:57:42,24.725,48.75,6.0
2025-02-11 19:58:42,24.725,48.72,5.7
2025-02-11 19:59:42,24.725,48.71,5.3
2025-02-11 20:00:42,24.725,48.71,6.0
2025-02-11 20:01:42,24.725,48.69,6.0
2025-02-11 20:02:42,24.725,48.67,6.3
2025-02-11 20:03:42,24.725,48.69,6.1
2025-02-11 20:04:42,24.725,48.73,6.0
2025-02-11 20:05:42,24.72,48.7,6.1
2025-02-11 20:06:42,24.72,48.67,5.9
2025-02-11 20:07:42,24.715,48.63,5.8
2025-02-11 20:08:42,24.715,48.59,5.9
2025-02-11 20:09:42,24.715,48.58,5.8
2025-02-11 20:10:42,24.715,48.58,6.3
2025-02-11 20:11:42,24.71,48.59,5.4
2025-02-11 20:12:42,24.71,48.54,6.0
2025-02-11 20:13:41,24.71,48.57,6.2
2025-02-11 20:14:41,24.705,48.53,5.5
2025-02-11 20:15:47,24.705,48.56,6.0
2025-02-11 20:16:47,24.7,48.57,5.4
2025-02-11 20:17:47,24.7,48.57,5.7
2025-02-11 20:18:47,24.7,48.55,6.0
2025-02-11 20:19:47,24.7,48.52,6.4
2025-02-11 20:20:47,24.7,48.47,5.9
2025-02-11 20:21:47,24.7,48.44,5.8
2025-02-11 20:22:47,24.7,48.46,5.2
2025-02-11 20:23:47,24.7,48.48,5.5
2025-02-11 20:24:47,24.7,48.42,5.5
2025-02-11 20:25:47,24.7,48.43,6.0
2025-02-11 20:26:47,24.7,48.41,5.8
2025-02-11 20:27:47,24.7,48.43,5.7
2025-02-11 20:28:47,24.7,48.4,5.5
2025-02-11 20:29:47,24.7,48.37,5.7
2025-02-11 20:31:23,24.7,48.36,5.9
2025-02-11 20:32:23,24.7,48.36,5.7
2025-02-11 20:33:23,24.7,48.38,5.8
2025-02-11 20:34:23,24.705,48.4,5.7
2025-02-11 20:35:23,24.705,48.38,5.8
2025-02-11 20:36:23,24.705,48.32,5.6
2025-02-11 20:37:23,24.705,48.36,5.5
2025-02-11 20:38:23,24.71,48.34,5.7
2025-02-11 20:39:23,24.71,48.3,5.8
2025-02-11 20:40:23,24.705,48.33,5.7
2025-02-11 20:41:23,24.705,48.32,5.9
2025-02-11 20:42:23,24.705,48.37,5.5
2025-02-11 20:43:23,24.705,48.36,5.1
2025-02-11 20:44:23,24.705,48.3,5.4
2025-02-11 20:45:23,24.7,48.28,5.8
2025-02-11 20:46:14,24.7,48.3,5.6
2025-02-11 20:47:14,24.7,48.28,5.8
2025-02-11 20:48:14,24.7,48.24,5.7
2025-02-11 20:49:14,24.695,48.29,5.7
2025-02-11 20:50:14,24.695,48.28,5.4
2025-02-11 20:51:14,24.695,48.24,4.9
2025-02-11 20:52:14,24.695,48.25,4.8
2025-02-11 20:53:14,24.695,48.24,5.6
2025-02-11 20:54:14,24.695,48.24,5.9
2025-02-11 20:55:14,24.69,48.24,5.2
2025-02-11 20:56:14,24.69,48.24,5.3
2025-02-11 20:57:14,24.69,48.24,5.7
2025-02-11 20:58:14,24.685,48.25,5.6
2025-02-11 20:59:14,24.685,48.25,4.8
2025-02-11 21:00:14,24.68,48.3,4.9
2025-02-11 21:01:23,24.68,48.3,4.4
2025-02-11 21:02:23,24.68,48.33,5.1
2025-02-11 21:03:23,24.675,48.31,5.6
2025-02-11 21:04:23,24.675,48.33,5.3
2025-02-11 21:05:23,24.675,48.37,5.3
2025-02-11 21:06:23,24.675,48.39,5.8
2025-02-11 21:07:23,24.675,48.38,5.7
2025-02-11 21:08:23,24.675,48.35,5.7
2025-02-11 21:09:23,24.675,48.32,5.2
2025-02-11 21:10:23,24.675,48.36,5.6
2025-02-11 21:11:23,24.675,48.35,5.2
2025-02-11 21:12:23,24.675,48.34,5.4
2025-02-11 21:13:23,24.675,48.39,5.3
2025-02-11 21:14:23,24.675,48.34,4.7
2025-02-11 21:15:23,24.675,48.36,5.7
2025-02-11 21:16:34,24.675,48.38,5.3
2025-02-11 21:17:34,24.68,48.34,5.1
2025-02-11 21:18:34,24.68,48.34,5.3
2025-02-11 21:19:34,24.68,48.34,5.5
2025-02-11 21:20:34,24.68,48.34,5.7
2025-02-11 21:21:34,24.68,48.38,5.4
2025-02-11 21:22:34,24.68,48.36,4.7
2025-02-11 21:23:34,24.68,48.32,5.0
2025-02-11 21:24:34,24.68,48.28,5.2
2025-02-11 21:25:34,24.685,48.29,4.8
2025-02-11 21:26:34,24.685,48.24,5.3
2025-02-11 21:27:34,24.685,48.24,4.9
2025-02-11 21:28:34,24.69,48.29,5.5
2025-02-11 21:29:34,24.69,48.31,5.3
2025-02-11 21:30:34,24.685,48.27,4.8
2025-02-11 21:31:54,24.685,48.2,5.3
2025-02-11 21:32:54,24.685,48.22,5.1
2025-02-11 21:33:54,24.69,48.17,4.9
2025-02-11 21:34:54,24.69,48.17,5.8
2025-02-11 21:35:54,24.69,48.16,5.1
2025-02-11 21:36:54,24.69,48.14,5.1
2025-02-11 21:37:54,24.69,48.11,4.7
2025-02-11 21:38:54,24.69,48.1,5.4
2025-02-11 21:39:54,24.69,48.11,5.0
2025-02-11 21:40:54,24.69,48.09,4.7
2025-02-11 21:41:54,24.69,48.11,5.5
2025-02-11 21:42:54,24.69,48.09,4.7
2025-02-11 21:43:54,24.69,48.09,5.0
2025-02-11 21:44:54,24.69,48.16,5.0
2025-02-11 21:45:54,24.69,48.15,5.0
2025-02-11 21:47:08,24.69,48.08,5.1
2025-02-11 21:48:08,24.685,48.07,4.7
2025-02-11 21:49:08,24.685,48.06,4.9
2025-02-11 21:50:08,24.69,48.06,5.0
2025-02-11 21:51:08,24.69,48.08,5.2
2025-02-11 21:52:08,24.69,48.04,4.5
2025-02-11 21:53:08,24.69,48.03,5.4
2025-02-11 21:54:08,24.695,48.02,4.6
2025-02-11 21:55:08,24.69,48.02,5.4
2025-02-11 21:56:08,24.69,48.0,5.0
2025-02-11 21:57:08,24.69,48.0,4.8
2025-02-11 21:58:08,24.69,47.98,4.5
2025-02-11 21:59:08,24.69,48.01,4.6
2025-02-11 22:00:08,24.69,48.0,5.2
2025-02-11 22:01:08,24.69,47.97,5.1
2025-02-11 22:02:17,24.69,48.01,5.0
2025-02-11 22:03:17,24.69,48.0,4.9
2025-02-11 22:04:17,24.685,48.0,4.4
2025-02-11 22:05:17,24.69,47.98,5.0
2025-02-11 22:06:17,24.69,47.99,4.8
2025-02-11 22:07:17,24.69,48.0,5.2
2025-02-11 22:08:17,24.69,48.0,5.1
2025-02-11 22:09:17,24.69,47.96,4.1
2025-02-11 22:10:17,24.69,48.0,4.6
2025-02-11 22:11:17,24.69,48.0,5.4
2025-02-11 22:12:17,24.69,47.95,5.0
2025-02-11 22:13:17,24.695,47.94,5.1
2025-02-11 22:14:17,24.695,47.94,4.4
2025-02-11 22:15:17,24.695,47.95,4.5
2025-02-11 22:16:17,24.695,47.91,4.6
2025-02-11 22:17:13,24.695,47.93,5.1
2025-02-11 22:18:13,24.69,47.93,4.1
2025-02-11 22:19:13,24.695,47.91,4.9
2025-02-11 22:20:13,24.69,47.92,5.1
2025-02-11 22:21:13,24.695,47.93,4.5
2025-02-11 22:22:13,24.695,47.92,4.6
2025-02-11 22:23:13,24.695,47.92,4.8
2025-02-11 22:24:13,24.695,47.9,4.9
2025-02-11 22:25:13,24.695,47.89,4.8
2025-02-11 22:26:13,24.695,47.86,4.3
2025-02-11 22:27:13,24.695,47.85,4.8
2025-02-11 22:28:13,24.695,47.86,4.0
2025-02-11 22:29:13,24.695,47.86,4.8
2025-02-11 22:30:13,24.695,47.93,4.9
2025-02-11 22:31:13,24.695,47.95,4.5
2025-02-11 22:32:41,24.7,47.88,5.0
2025-02-11 22:33:41,24.7,47.88,4.9
2025-02-11 22:34:41,24.7,47.86,5.0
2025-02-11 22:35:41,24.7,47.83,5.0
2025-02-11 22:36:41,24.705,47.85,4.9
2025-02-11 22:37:41,24.705,47.8,4.4
2025-02-11 22:38:41,24.705,47.8,4.9
2025-02-11 22:39:41,24.705,47.84,4.5
2025-02-11 22:40:41,24.705,47.81,4.8
2025-02-11 22:41:41,24.705,47.8,4.9
2025-02-11 22:42:41,24.705,47.79,4.4
2025-02-11 22:43:41,24.705,47.79,4.7
2025-02-11 22:44:41,24.705,47.77,5.3
2025-02-11 22:45:41,24.705,47.86,4.8
2025-02-11 22:46:41,24.705,47.91,5.0
2025-02-11 22:47:58,24.7,47.87,4.9
2025-02-11 22:48:58,24.7,47.81,4.5
2025-02-11 22:49:58,24.7,47.82,4.4
2025-02-11 22:50:58,24.705,47.8,4.7
2025-02-11 22:51:58,24.705,47.76,4.8
2025-02-11 22:52:58,24.705,47.76,5.0
2025-02-11 22:53:58,24.7,47.74,5.3
2025-02-11 22:54:58,24.7,47.73,4.2
2025-02-11 22:55:58,24.695,47.74,4.8
2025-02-11 22:56:58,24.695,47.73,4.6
2025-02-11 22:57:58,24.695,47.78,4.7
2025-02-11 22:58:58,24.69,47.76,4.4
2025-02-11 22:59:58,24.69,47.75,4.5
2025-02-11 23:00:58,24.69,47.81,5.0
2025-02-11 23:01:58,24.69,47.84,4.5
2025-02-11 23:03:08,24.685,47.79,5.1
2025-02-11 23:04:08,24.69,47.78,4.8
2025-02-11 23:05:08,24.69,47.78,5.0
2025-02-11 23:06:08,24.69,47.76,4.6
2025-02-11 23:07:08,24.69,47.77,4.6
2025-02-11 23:08:08,24.695,47.76,4.8
2025-02-11 23:09:08,24.695,47.73,4.9
2025-02-11 23:10:08,24.695,47.72,4.7
2025-02-11 23:11:08,24.695,47.72,4.8
2025-02-11 23:12:08,24.695,47.72,4.6
2025-02-11 23:13:08,24.695,47.71,4.1
2025-02-11 23:14:08,24.695,47.72,5.1
2025-02-11 23:15:08,24.69,47.72,4.1
2025-02-11 23:16:08,24.69,47.74,5.1
2025-02-11 23:17:08,24.69,47.74,4.4
2025-02-11 23:17:54,24.69,47.75,5.2
2025-02-11 23:18:54,24.685,47.75,4.3
2025-02-11 23:19:54,24.69,47.76,5.2
2025-02-11 23:20:54,24.69,47.76,5.0
2025-02-11 23:21:54,24.69,47.76,4.7
2025-02-11 23:22:54,24.69,47.77,4.7
2025-02-11 23:23:54,24.695,47.75,4.3
2025-02-11 23:24:54,24.695,47.76,5.2
2025-02-11 23:25:54,24.695,47.76,4.3
2025-02-11 23:26:54,24.695,47.75,4.8
2025-02-11 23:27:54,24.7,47.76,4.6
2025-02-11 23:28:54,24.7,47.74,4.4
2025-02-11 23:29:54,24.7,47.72,5.1
2025-02-11 23:30:54,24.7,47.72,4.6
2025-02-11 23:31:54,24.7,47.78,4.6
2025-02-11 23:33:25,24.7,47.75,5.1
2025-02-11 23:34:25,24.7,47.73,5.1
2025-02-11 23:35:25,24.7,47.69,5.2
2025-02-11 23:36:25,24.7,47.7,5.1
2025-02-11 23:37:25,24.7,47.7,5.1
2025-02-11 23:38:25,24.705,47.68,4.7
2025-02-11 23:39:25,24.705,47.68,5.3
2025-02-11 23:40:25,24.705,47.7,4.5
2025-02-11 23:41:25,24.705,47.67,4.7
2025-02-11 23:42:25,24.705,47.68,4.6
2025-02-11 23:43:25,24.705,47.69,5.1
2025-02-11 23:44:25,24.705,47.68,5.0
2025-02-11 23:45:25,24.705,47.73,5.2
2025-02-11 23:46:25,24.7,47.74,5.0
2025-02-11 23:47:25,24.7,47.76,5.3
2025-02-11 23:48:22,24.7,47.75,5.1
2025-02-11 23:49:22,24.7,47.77,5.0
2025-02-11 23:50:22,24.7,47.78,5.1
2025-02-11 23:51:22,24.7,47.77,5.5
2025-02-11 23:52:22,24.7,47.78,5.0
2025-02-11 23:53:22,24.7,47.77,5.1
2025-02-11 23:54:22,24.7,47.79,5.1
2025-02-11 23:55:22,24.705,47.76,5.2
2025-02-11 23:56:22,24.705,47.77,5.1
2025-02-11 23:57:22,24.705,47.76,5.0
2025-02-11 23:58:22,24.705,47.74,5.0
2025-02-11 23:59:22,24.705,47.75,5.4
2025-02-12 00:00:22,24.71,47.73,5.0
2025-02-12 00:01:22,24.71,47.73,5.6
2025-02-12 00:02:22,24.71,47.72,5.1
2025-02-12 00:03:38,24.71,47.8,5.7
2025-02-12 00:04:38,24.71,47.8,5.3
2025-02-12 00:05:38,24.715,47.74,5.9
2025-02-12 00:06:38,24.715,47.7,5.3
2025-02-12 00:07:38,24.72,47.72,6.0
2025-02-12 00:08:38,24.72,47.69,5.5
2025-02-12 00:09:38,24.725,47.72,5.4
2025-02-12 00:10:38,24.725,47.7,5.5
2025-02-12 00:11:38,24.725,47.69,5.6
2025-02-12 00:12:38,24.725,47.71,5.8
2025-02-12 00:13:38,24.73,47.71,5.7
2025-02-12 00:14:38,24.73,47.7,6.2
2025-02-12 00:15:38,24.73,47.66,6.1
2025-02-12 00:16:38,24.73,47.67,5.7
2025-02-12 00:17:38,24.73,47.64,5.8
2025-02-12 00:18:56,24.735,47.64,6.0
2025-02-12 00:19:56,24.735,47.62,5.9
2025-02-12 00:20:56,24.735,47.57,5.9
2025-02-12 00:21:56,24.74,47.56,5.9
2025-02-12 00:22:56,24.735,47.57,5.7
2025-02-12 00:23:56,24.735,47.57,5.9
2025-02-12 00:24:56,24.74,47.57,5.7
2025-02-12 00:25:56,24.74,47.56,5.5
2025-02-12 00:26:56,24.745,47.55,6.1
2025-02-12 00:27:56,24.745,47.53,6.3
2025-02-12 00:28:56,24.745,47.54,5.9
2025-02-12 00:29:56,24.745,47.53,6.5
2025-02-12 00:30:56,24.745,47.55,5.6
2025-02-12 00:31:56,24.745,47.53,6.7
2025-02-12 00:32:56,24.745,47.53,6.1
2025-02-12 00:33:51,24.745,47.64,5.8
2025-02-12 00:34:51,24.745,47.65,6.5
2025-02-12 00:35:51,24.74,47.62,5.7
2025-02-12 00:36:51,24.74,47.66,6.1
2025-02-12 00:37:51,24.74,47.71,5.9
2025-02-12 00:38:51,24.745,47.67,6.4
2025-02-12 00:39:51,24.74,47.66,6.4
2025-02-12 00:40:51,24.74,47.67,5.8
2025-02-12 00:41:51,24.735,47.68,6.0
2025-02-12 00:42:51,24.735,47.68,6.3
2025-02-12 00:43:51,24.73,47.69,6.6
2025-02-12 00:44:51,24.725,47.65,6.3
2025-02-12 00:45:51,24.725,47.65,6.3
2025-02-12 00:46:51,24.725,47.66,6.7
2025-02-12 00:47:51,24.72,47.68,6.7
2025-02-12 00:48:55,24.72,47.7,6.8
2025-02-12 00:49:55,24.715,47.8,7.4
2025-02-12 00:50:55,24.715,47.75,6.0
2025-02-12 00:51:55,24.715,47.77,6.4
2025-02-12 00:52:55,24.715,47.72,7.2
2025-02-12 00:53:55,24.715,47.73,6.9
2025-02-12 00:54:55,24.715,47.72,6.5
2025-02-12 00:55:55,24.715,47.75,6.6
2025-02-12 00:56:55,24.715,47.73,6.9
2025-02-12 00:57:55,24.715,47.72,6.8
2025-02-12 00:58:55,24.715,47.74,6.9
2025-02-12 00:59:55,24.715,47.72,6.8
2025-02-12 01:00:55,24.715,47.73,6.8
2025-02-12 01:01:55,24.715,47.73,6.5
2025-02-12 01:02:55,24.715,47.73,6.5
2025-02-12 01:03:58,24.715,47.73,6.6
2025-02-12 01:04:58,24.715,47.79,6.8
2025-02-12 01:05:58,24.715,47.76,6.9
2025-02-12 01:06:58,24.715,47.74,7.2
2025-02-12 01:07:58,24.72,47.73,7.1
2025-02-12 01:08:58,24.72,47.7,7.0
2025-02-12 01:09:58,24.715,47.71,7.1
2025-02-12 01:10:58,24.715,47.71,7.4
2025-02-12 01:11:58,24.715,47.7,6.9
2025-02-12 01:12:58,24.715,47.67,6.8
2025-02-12 01:13:58,24.715,47.68,7.3
2025-02-12 01:14:58,24.715,47.68,6.9
2025-02-12 01:15:58,24.71,47.67,6.8
2025-02-12 01:16:58,24.71,47.67,6.3
2025-02-12 01:17:58,24.71,47.68,7.3
2025-02-12 01:19:14,24.71,47.67,6.9
2025-02-12 01:20:14,24.705,47.67,7.9
2025-02-12 01:21:14,24.705,47.68,7.0
2025-02-12 01:22:14,24.705,47.71,7.4
2025-02-12 01:23:14,24.705,47.72,7.5
2025-02-12 01:24:14,24.705,47.74,7.6
2025-02-12 01:25:14,24.705,47.75,7.1
2025-02-12 01:26:14,24.705,47.76,6.7
2025-02-12 01:27:14,24.705,47.76,7.8
2025-02-12 01:28:14,24.705,47.78,7.5
2025-02-12 01:29:14,24.705,47.79,7.7
2025-02-12 01:30:14,24.705,47.76,8.2
2025-02-12 01:31:14,24.705,47.8,7.4
2025-02-12 01:32:14,24.705,47.79,7.3
2025-02-12 01:33:14,24.705,47.82,7.2
2025-02-12 01:34:34,24.705,47.87,7.5
2025-02-12 01:35:34,24.705,47.9,7.8
2025-02-12 01:36:34,24.705,47.91,7.6
2025-02-12 01:37:34,24.705,47.87,7.0
2025-02-12 01:38:34,24.705,47.92,7.6
2025-02-12 01:39:34,24.705,47.93,7.9
2025-02-12 01:40:34,24.71,47.9,7.5
2025-02-12 01:41:34,24.71,47.93,7.4
2025-02-12 01:42:34,24.71,47.9,7.8
2025-02-12 01:43:34,24.71,47.88,7.4
2025-02-12 01:44:34,24.71,47.87,7.6
2025-02-12 01:45:34,24.71,47.87,7.6
2025-02-12 01:46:34,24.71,47.88,7.9
2025-02-12 01:47:34,24.71,47.86,7.9
2025-02-12 01:48:34,24.71,47.83,7.2
2025-02-12 01:49:41,24.71,47.78,7.5
2025-02-12 01:50:41,24.705,47.89,7.5
2025-02-12 01:51:41,24.705,47.9,7.9
2025-02-12 01:52:41,24.705,47.89,7.5
2025-02-12 01:53:41,24.705,47.87,7.9
2025-02-12 01:54:41,24.705,47.88,8.5
2025-02-12 01:55:41,24.705,47.87,7.9
2025-02-12 01:56:41,24.705,47.85,7.0
2025-02-12 01:57:41,24.705,47.89,8.1
2025-02-12 01:58:41,24.705,47.87,8.0
2025-02-12 01:59:41,24.71,47.88,7.4
2025-02-12 02:00:41,24.71,47.86,7.8
2025-02-12 02:01:41,24.71,47.87,7.3
2025-02-12 02:02:41,24.71,47.89,7.3
2025-02-12 02:03:41,24.71,47.91,8.0
2025-02-12 02:04:39,24.71,47.92,6.8
2025-02-12 02:05:39,24.71,47.89,8.0
2025-02-12 02:06:39,24.71,47.9,7.7
2025-02-12 02:07:39,24.71,47.93,8.4
2025-02-12 02:08:39,24.71,47.89,7.7
2025-02-12 02:09:39,24.71,47.89,8.5
2025-02-12 02:10:39,24.71,47.88,8.6
2025-02-12 02:11:39,24.715,47.89,8.6
2025-02-12 02:12:39,24.71,47.87,8.3
2025-02-12 02:13:39,24.715,47.9,8.0
2025-02-12 02:14:39,24.715,47.87,8.6
2025-02-12 02:15:39,24.71,47.87,8.6
2025-02-12 02:16:39,24.71,47.93,7.7
2025-02-12 02:17:39,24.715,47.92,7.0
2025-02-12 02:18:39,24.71,47.92,8.6
2025-02-12 02:20:02,24.715,47.93,8.8
2025-02-12 02:21:02,24.71,47.96,8.5
2025-02-12 02:22:02,24.71,47.96,8.8
2025-02-12 02:23:02,24.71,47.98,8.8
2025-02-12 02:24:02,24.715,48.0,8.5
2025-02-12 02:25:02,24.715,47.99,9.2
2025-02-12 02:26:02,24.715,47.99,9.7
2025-02-12 02:27:02,24.715,48.0,9.2
2025-02-12 02:28:02,24.71,48.01,8.7
2025-02-12 02:29:02,24.71,48.04,10.0
2025-02-12 02:30:02,24.71,48.06,9.9
2025-02-12 02:31:02,24.71,48.04,9.1
2025-02-12 02:32:02,24.71,48.06,10.4
2025-02-12 02:33:02,24.71,48.07,9.3
2025-02-12 02:34:02,24.71,48.07,10.4
2025-02-12 02:34:59,24.71,48.1,10.4
2025-02-12 02:35:59,24.71,48.09,9.8
2025-02-12 02:36:59,24.71,48.08,10.1
2025-02-12 02:37:59,24.71,48.07,9.9
2025-02-12 02:38:59,24.715,48.07,9.9
2025-02-12 02:39:59,24.71,48.07,10.6
2025-02-12 02:40:59,24.71,48.08,9.8
2025-02-12 02:41:59,24.71,48.07,10.2
2025-02-12 02:42:59,24.71,48.08,9.7
2025-02-12 02:43:59,24.715,48.08,10.4
2025-02-12 02:44:59,24.715,48.08,10.6
2025-02-12 02:45:59,24.715,48.06,10.6
2025-02-12 02:46:59,24.715,48.06,9.6
2025-02-12 02:47:59,24.715,48.08,10.6
2025-02-12 02:48:59,24.715,48.1,9.9
2025-02-12 02:50:26,24.715,48.11,10.3
2025-02-12 02:51:26,24.715,48.08,10.0
2025-02-12 02:52:26,24.715,48.07,10.2
2025-02-12 02:53:26,24.715,48.07,10.5
2025-02-12 02:54:26,24.715,48.08,10.1
2025-02-12 02:55:26,24.715,48.06,10.0
2025-02-12 02:56:26,24.715,48.04,10.6
2025-02-12 02:57:26,24.71,48.03,10.0
2025-02-12 02:58:26,24.71,48.02,10.0
2025-02-12 02:59:26,24.71,48.02,9.4
2025-02-12 03:00:26,24.71,48.02,9.7
2025-02-12 03:01:26,24.71,48.01,9.8
2025-02-12 03:02:26,24.71,47.99,9.4
2025-02-12 03:03:26,24.71,47.99,9.5
2025-02-12 03:04:26,24.71,47.97,10.8
2025-02-12 03:05:42,24.71,47.98,8.9
2025-02-12 03:06:42,24.71,47.95,8.9
2025-02-12 03:07:42,24.71,47.98,9.9
2025-02-12 03:08:42,24.71,47.98,9.7
2025-02-12 03:09:42,24.71,47.96,9.7
2025-02-12 03:10:42,24.71,47.95,9.3
2025-02-12 03:11:42,24.715,47.95,9.5
2025-02-12 03:12:42,24.715,47.94,9.1
2025-02-12 03:13:42,24.715,47.93,9.0
2025-02-12 03:14:42,24.715,47.91,9.6
2025-02-12 03:15:42,24.715,47.89,9.9
2025-02-12 03:16:42,24.715,47.9,9.6
2025-02-12 03:17:42,24.715,47.9,8.9
2025-02-12 03:18:42,24.715,47.9,8.9
2025-02-12 03:19:42,24.715,47.9,9.4
2025-02-12 03:20:30,24.715,47.9,8.4
2025-02-12 03:21:30,24.715,47.88,8.9
2025-02-12 03:22:30,24.715,47.89,10.4
2025-02-12 03:23:30,24.715,47.88,9.3
2025-02-12 03:24:30,24.715,47.88,8.8
2025-02-12 03:25:30,24.715,47.88,9.3
2025-02-12 03:26:30,24.715,47.88,8.6
2025-02-12 03:27:30,24.715,47.88,8.9
2025-02-12 03:28:30,24.715,47.89,9.0
2025-02-12 03:29:30,24.72,47.87,8.8
2025-02-12 03:30:30,24.72,47.86,8.6
2025-02-12 03:31:30,24.72,47.84,9.0
2025-02-12 03:32:30,24.72,47.86,9.3
2025-02-12 03:33:30,24.72,47.84,8.6
2025-02-12 03:34:30,24.725,47.88,9.5
2025-02-12 03:36:05,24.725,47.85,8.9
2025-02-12 03:37:05,24.725,47.88,8.8
2025-02-12 03:38:05,24.73,47.84,8.7
2025-02-12 03:39:05,24.73,47.85,8.6
2025-02-12 03:40:05,24.735,47.83,8.3
2025-02-12 03:41:05,24.735,47.82,8.1
2025-02-12 03:42:05,24.74,47.78,8.9
2025-02-12 03:43:05,24.74,47.8,7.9
2025-02-12 03:44:05,24.74,47.79,8.4
2025-02-12 03:45:05,24.74,47.79,8.6
2025-02-12 03:46:05,24.745,47.79,8.6
2025-02-12 03:47:05,24.745,47.77,8.4
2025-02-12 03:48:05,24.745,47.76,7.5
2025-02-12 03:49:05,24.745,47.77,7.5
2025-02-12 03:50:05,24.745,47.74,7.6
2025-02-12 03:51:04,24.75,47.75,7.7
2025-02-12 03:52:04,24.75,47.74,7.7
2025-02-12 03:53:04,24.75,47.74,8.6
2025-02-12 03:54:04,24.755,47.71,7.9
2025-02-12 03:55:04,24.76,47.72,8.1
2025-02-12 03:56:04,24.76,47.69,7.8
2025-02-12 03:57:04,24.76,47.73,7.8
2025-02-12 03:58:04,24.765,47.7,7.7
2025-02-12 03:59:04,24.765,47.67,8.2
2025-02-12 04:00:04,24.77,47.68,7.9
2025-02-12 04:01:04,24.77,47.65,7.0
2025-02-12 04:02:04,24.77,47.68,7.1
2025-02-12 04:03:04,24.77,47.65,7.0
2025-02-12 04:04:04,24.775,47.64,7.3
2025-02-12 04:05:04,24.775,47.63,7.6
2025-02-12 04:06:00,24.775,47.65,7.0
2025-02-12 04:07:00,24.775,47.61,6.9
2025-02-12 04:08:00,24.775,47.59,6.9
2025-02-12 04:09:00,24.78,47.64,7.0
2025-02-12 04:10:00,24.78,47.64,7.1
2025-02-12 04:11:00,24.78,47.66,6.9
2025-02-12 04:12:00,24.78,47.67,7.6
2025-02-12 04:13:00,24.785,47.74,8.1
2025-02-12 04:14:00,24.785,47.69,8.2
2025-02-12 04:15:00,24.785,47.7,8.3
2025-02-12 04:16:00,24.785,47.72,8.3
2025-02-12 04:17:00,24.785,47.79,7.4
2025-02-12 04:18:00,24.785,47.85,8.3
2025-02-12 04:19:00,24.785,47.85,7.1
2025-02-12 04:20:00,24.79,47.88,7.9
2025-02-12 04:21:20,24.785,48.16,8.9
2025-02-12 04:22:20,24.785,48.23,9.0
2025-02-12 04:23:20,24.79,48.36,8.4
2025-02-12 04:24:20,24.79,48.18,8.4
2025-02-12 04:25:20,24.795,48.11,8.5
2025-02-12 04:26:20,24.795,48.06,7.1
2025-02-12 04:27:20,24.795,47.99,8.3
2025-02-12 04:28:20,24.795,48.0,7.7
2025-02-12 04:29:20,24.8,47.99,8.2
2025-02-12 04:30:20,24.8,48.02,8.3
2025-02-12 04:31:20,24.8,48.08,8.2
2025-02-12 04:32:20,24.8,48.13,7.9
2025-02-12 04:33:20,24.795,48.21,7.8
2025-02-12 04:34:20,24.79,48.33,7.8
2025-02-12 04:35:20,24.785,48.48,7.8
2025-02-12 04:36:34,24.78,49.0,7.6
2025-02-12 04:37:34,24.78,49.62,7.4
2025-02-12 04:38:34,24.78,49.45,7.3
2025-02-12 04:39:34,24.78,49.4,7.2
2025-02-12 04:40:34,24.78,49.42,6.8
2025-02-12 04:41:34,24.78,49.35,7.9
2025-02-12 04:42:34,24.775,49.3,6.9
2025-02-12 04:43:34,24.78,49.59,7.2
2025-02-12 04:44:34,24.78,49.63,7.1
2025-02-12 04:45:34,24.785,49.7,7.4
2025-02-12 04:46:34,24.79,49.74,5.9
2025-02-12 04:47:34,24.79,49.96,7.2
2025-02-12 04:48:34,24.795,50.05,6.9
2025-02-12 04:49:34,24.8,50.15,6.6
2025-02-12 04:50:34,24.805,50.09,6.8
2025-02-12 04:51:48,24.815,50.11,6.6
2025-02-12 04:52:48,24.82,50.1,7.2
2025-02-12 04:53:48,24.83,50.1,7.1
2025-02-12 04:54:48,24.835,50.15,7.0
2025-02-12 04:55:48,24.845,50.2,5.9
2025-02-12 04:56:48,24.855,50.15,6.1
2025-02-12 04:57:48,24.86,50.16,6.4
2025-02-12 04:58:48,24.865,50.1,7.2
2025-02-12 04:59:48,24.87,50.02,6.2
2025-02-12 05:00:48,24.875,49.96,7.4
2025-02-12 05:01:48,24.88,49.91,6.7
2025-02-12 05:02:48,24.885,49.9,7.2
2025-02-12 05:03:48,24.89,49.88,7.2
2025-02-12 05:04:48,24.895,49.81,6.4
2025-02-12 05:05:48,24.895,49.9,6.6
2025-02-12 05:06:44,24.9,49.87,6.2
2025-02-12 05:07:44,24.905,49.79,6.8
2025-02-12 05:08:44,24.905,49.65,6.1
2025-02-12 05:09:44,24.91,49.61,6.4
2025-02-12 05:10:44,24.915,49.55,7.1
2025-02-12 05:11:44,24.915,49.53,6.8
2025-02-12 05:12:44,24.92,49.48,6.3
2025-02-12 05:13:44,24.925,49.41,6.7
2025-02-12 05:14:44,24.925,49.33,6.4
2025-02-12 05:15:44,24.93,49.33,6.7
2025-02-12 05:16:44,24.93,49.3,6.2
2025-02-12 05:17:44,24.93,49.28,6.3
2025-02-12 05:18:44,24.93,49.22,6.5
2025-02-12 05:19:44,24.93,49.16,5.6
2025-02-12 05:20:44,24.93,49.14,5.9
2025-02-12 05:21:54,24.925,49.13,5.4
2025-02-12 05:22:54,24.93,49.07,5.4
2025-02-12 05:23:54,24.93,49.02,5.7
2025-02-12 05:24:54,24.93,49.02,6.2
2025-02-12 05:25:54,24.93,48.99,5.7
2025-02-12 05:26:54,24.93,48.96,6.3
2025-02-12 05:27:54,24.93,48.99,6.1
2025-02-12 05:28:54,24.93,48.96,5.6
2025-02-12 05:29:54,24.93,48.9,7.2
2025-02-12 05:30:54,24.93,48.89,6.1
2025-02-12 05:31:54,24.93,48.83,6.6
2025-02-12 05:32:54,24.93,48.84,6.2
2025-02-12 05:33:54,24.93,48.86,5.4
2025-02-12 05:34:54,24.93,48.88,6.4
2025-02-12 05:35:54,24.93,48.79,5.4
2025-02-12 05:36:58,24.93,48.77,5.6
2025-02-12 05:37:58,24.93,48.72,6.5
2025-02-12 05:38:58,24.93,48.69,6.7
2025-02-12 05:39:58,24.93,48.66,6.3
2025-02-12 05:40:58,24.935,48.6,6.0
2025-02-12 05:41:58,24.935,48.6,5.7
2025-02-12 05:42:58,24.935,48.59,5.5
2025-02-12 05:43:58,24.935,48.56,5.9
2025-02-12 05:44:58,24.94,48.52,5.6
2025-02-12 05:45:58,24.94,48.47,5.9
2025-02-12 05:46:58,24.94,48.45,5.5
2025-02-12 05:47:58,24.94,48.45,6.1
2025-02-12 05:48:58,24.94,48.43,5.3
2025-02-12 05:49:58,24.94,48.44,5.5
2025-02-12 05:50:58,24.94,48.4,5.7
2025-02-12 05:52:25,24.94,48.4,5.8
2025-02-12 05:53:25,24.94,48.41,5.7
2025-02-12 05:54:25,24.94,48.39,6.3
2025-02-12 05:55:25,24.94,48.36,5.5
2025-02-12 05:56:25,24.94,48.33,5.6
2025-02-12 05:57:25,24.94,48.33,6.1
2025-02-12 05:58:25,24.94,48.31,5.8
2025-02-12 05:59:25,24.94,48.26,5.1
2025-02-12 06:00:25,24.94,48.24,6.2
2025-02-12 06:01:25,24.935,48.21,5.8
2025-02-12 06:02:25,24.935,48.23,5.5
2025-02-12 06:03:25,24.935,48.18,5.5
2025-02-12 06:04:25,24.935,48.14,5.9
2025-02-12 06:05:25,24.935,48.13,5.8
2025-02-12 06:06:25,24.935,48.09,5.5
2025-02-12 06:07:17,24.935,48.15,5.5
2025-02-12 06:08:17,24.935,48.12,5.2
2025-02-12 06:09:17,24.93,48.11,5.6
2025-02-12 06:10:17,24.93,48.09,6.1
2025-02-12 06:11:17,24.93,48.07,5.2
2025-02-12 06:12:17,24.93,48.11,5.7
2025-02-12 06:13:17,24.93,48.11,5.6
2025-02-12 06:14:17,24.925,48.13,6.0
2025-02-12 06:15:17,24.925,48.12,5.6
2025-02-12 06:16:17,24.92,48.11,6.1
2025-02-12 06:17:17,24.92,48.05,6.0
2025-02-12 06:18:17,24.915,48.05,4.9
2025-02-12 06:19:17,24.915,48.03,5.4
2025-02-12 06:20:17,24.91,48.05,5.2
2025-02-12 06:21:17,24.91,48.0,5.7
2025-02-12 06:22:50,24.905,48.01,4.9
2025-02-12 06:23:50,24.9,48.05,5.4
2025-02-12 06:24:50,24.9,48.04,5.3
2025-02-12 06:25:50,24.895,48.03,5.5
2025-02-12 06:26:50,24.895,48.02,6.0
2025-02-12 06:27:50,24.89,48.08,5.2
2025-02-12 06:28:50,24.89,48.14,5.9
2025-02-12 06:29:50,24.885,48.11,5.5
2025-02-12 06:30:50,24.885,48.06,5.9
2025-02-12 06:31:50,24.885,48.0,5.5
2025-02-12 06:32:50,24.88,48.02,5.9
2025-02-12 06:33:50,24.88,48.03,5.8
2025-02-12 06:34:50,24.88,48.0,5.8
2025-02-12 06:35:50,24.875,48.01,5.4
2025-02-12 06:36:50,24.875,47.99,6.2
2025-02-12 06:37:44,24.87,48.0,5.5
2025-02-12 06:38:44,24.87,48.04,5.5
2025-02-12 06:39:44,24.87,47.99,5.6
2025-02-12 06:40:44,24.87,48.01,5.5
2025-02-12 06:41:44,24.87,48.0,5.9
2025-02-12 06:42:44,24.87,48.04,5.6
2025-02-12 06:43:44,24.87,48.08,5.9
2025-02-12 06:44:44,24.87,48.03,5.9
2025-02-12 06:45:44,24.87,47.99,6.4
2025-02-12 06:46:44,24.865,47.9,6.5
2025-02-12 06:47:44,24.865,47.93,6.7
2025-02-12 06:48:44,24.86,47.91,6.5
2025-02-12 06:49:44,24.86,47.91,5.9
2025-02-12 06:50:44,24.855,47.91,6.3
2025-02-12 06:51:44,24.855,47.89,5.8
2025-02-12 06:52:49,24.85,47.89,6.3
2025-02-12 06:53:49,24.845,47.87,6.6
2025-02-12 06:54:49,24.84,47.86,6.8
2025-02-12 06:55:49,24.84,47.85,7.1
2025-02-12 06:56:49,24.835,47.83,6.1
2025-02-12 06:57:49,24.83,47.84,6.3
2025-02-12 06:58:49,24.825,47.97,6.8
2025-02-12 06:59:49,24.815,47.99,6.5
2025-02-12 07:00:49,24.81,48.0,6.7
2025-02-12 07:01:49,24.805,47.93,6.5
2025-02-12 07:02:49,24.8,47.87,6.4
2025-02-12 07:03:49,24.795,47.82,6.8
2025-02-12 07:04:49,24.785,47.82,6.6
2025-02-12 07:05:49,24.775,47.83,5.9
2025-02-12 07:06:49,24.77,47.83,6.6
2025-02-12 07:07:53,24.76,47.84,6.2
2025-02-12 07:08:53,24.745,47.86,6.1
2025-02-12 07:09:53,24.735,47.89,6.2
2025-02-12 07:10:53,24.73,47.92,6.8
2025-02-12 07:11:53,24.72,47.93,6.0
2025-02-12 07:12:53,24.715,47.93,6.7
2025-02-12 07:13:53,24.705,47.93,5.9
2025-02-12 07:14:53,24.69,47.97,6.6
2025-02-12 07:15:53,24.675,48.06,6.3
2025-02-12 07:16:53,24.665,48.1,6.6
2025-02-12 07:17:53,24.655,48.01,6.0
2025-02-12 07:18:53,24.645,48.05,6.2
2025-02-12 07:19:53,24.635,48.05,6.1
2025-02-12 07:20:53,24.625,48.05,5.9
2025-02-12 07:21:53,24.615,48.05,6.4
2025-02-12 07:23:05,24.6,48.08,6.0
2025-02-12 07:23:52,24.595,48.08,5.4
2025-02-12 07:24:52,24.585,48.09,5.7
2025-02-12 07:25:52,24.58,48.13,6.3
2025-02-12 07:26:52,24.575,48.13,6.0
2025-02-12 07:27:52,24.57,48.14,6.5
2025-02-12 07:28:52,24.565,48.2,6.4
2025-02-12 07:29:52,24.56,48.28,6.6
2025-02-12 07:30:52,24.555,48.35,5.7
2025-02-12 07:31:52,24.55,48.3,6.5
2025-02-12 07:32:52,24.55,48.22,6.2
2025-02-12 07:33:52,24.545,48.23,6.5
2025-02-12 07:34:52,24.54,48.2,6.6
2025-02-12 07:35:52,24.535,48.2,6.4
2025-02-12 07:36:52,24.53,48.21,6.3
2025-02-12 07:37:52,24.525,48.2,5.8
2025-02-12 07:39:10,24.515,48.23,6.3
2025-02-12 07:40:10,24.505,48.25,6.7
2025-02-12 07:41:10,24.5,48.29,6.6
2025-02-12 07:42:10,24.495,48.31,5.7
2025-02-12 07:43:10,24.49,48.36,6.9
2025-02-12 07:44:10,24.485,48.36,6.5
2025-02-12 07:45:10,24.48,48.34,5.9
2025-02-12 07:46:10,24.475,48.36,6.7
2025-02-12 07:47:10,24.47,48.41,6.6
2025-02-12 07:48:10,24.47,48.4,6.1
2025-02-12 07:49:10,24.465,48.36,6.3
2025-02-12 07:50:10,24.46,48.36,6.5
2025-02-12 07:51:10,24.455,48.37,7.0
2025-02-12 07:52:10,24.45,48.37,6.1
2025-02-12 07:53:10,24.44,48.38,6.9
2025-02-12 07:54:08,24.435,48.4,6.0
2025-02-12 07:55:08,24.43,48.4,5.9
2025-02-12 07:56:08,24.42,48.41,6.1
2025-02-12 07:57:08,24.415,48.43,6.1
2025-02-12 07:58:08,24.41,48.41,6.2
2025-02-12 07:59:08,24.405,48.44,6.7
2025-02-12 08:00:08,24.4,48.52,6.7
2025-02-12 08:01:08,24.395,48.61,6.6
2025-02-12 08:02:08,24.39,48.64,6.3
2025-02-12 08:03:08,24.385,48.7,5.6
2025-02-12 08:04:08,24.38,48.63,6.4
2025-02-12 08:05:08,24.375,48.53,6.3
2025-02-12 08:06:08,24.37,48.53,5.9
2025-02-12 08:07:08,24.365,48.53,5.4
2025-02-12 08:08:08,24.36,48.54,6.1
2025-02-12 08:09:38,24.35,48.56,6.0
2025-02-12 08:10:38,24.35,48.6,5.7
2025-02-12 08:11:38,24.345,48.6,6.4
2025-02-12 08:12:38,24.34,48.58,6.2
2025-02-12 08:13:38,24.335,48.62,5.6
2025-02-12 08:14:38,24.33,48.62,6.3
2025-02-12 08:15:38,24.33,48.71,6.4
2025-02-12 08:16:38,24.325,48.76,6.6
2025-02-12 08:17:38,24.32,48.8,6.5
2025-02-12 08:18:38,24.315,48.77,5.9
2025-02-12 08:19:38,24.315,48.67,5.7
2025-02-12 08:20:38,24.31,48.68,5.9
2025-02-12 08:21:38,24.31,48.69,5.3
2025-02-12 08:22:38,24.305,48.71,5.9
2025-02-12 08:23:38,24.3,48.71,6.4
2025-02-12 08:24:23,24.3,48.73,6.1
2025-02-12 08:25:23,24.295,48.74,5.9
2025-02-12 08:26:23,24.29,48.75,5.5
2025-02-12 08:27:23,24.29,48.74,6.1
2025-02-12 08:28:23,24.285,48.74,5.3
2025-02-12 08:29:23,24.285,48.75,5.8
2025-02-12 08:30:23,24.285,48.76,5.6
2025-02-12 08:31:23,24.28,48.85,6.0
2025-02-12 08:32:23,24.28,48.91,5.7
2025-02-12 08:33:23,24.28,48.91,5.4
2025-02-12 08:34:23,24.275,48.79,6.0
2025-02-12 08:35:23,24.275,48.77,6.1
2025-02-12 08:36:23,24.27,48.79,5.5
2025-02-12 08:37:23,24.27,48.78,5.5
2025-02-12 08:38:23,24.265,48.78,5.6
2025-02-12 08:39:55,24.26,48.83,6.1
2025-02-12 08:40:55,24.26,48.82,5.8
2025-02-12 08:41:55,24.255,48.83,5.4
2025-02-12 08:42:55,24.255,48.82,5.7
2025-02-12 08:43:55,24.255,48.83,5.3
2025-02-12 08:44:55,24.255,48.83,5.3
2025-02-12 08:45:55,24.25,48.86,5.5
2025-02-12 08:46:55,24.25,48.93,5.0
2025-02-12 08:47:55,24.25,48.91,5.5
2025-02-12 08:48:55,24.245,48.82,5.3
2025-02-12 08:49:55,24.24,48.82,5.4
2025-02-12 08:50:55,24.24,48.82,5.3
2025-02-12 08:51:55,24.24,48.84,5.4
2025-02-12 08:52:55,24.235,48.82,5.3
2025-02-12 08:53:55,24.235,48.83,6.1
2025-02-12 08:54:49,24.23,48.85,5.3
2025-02-12 08:55:49,24.23,48.85,5.6
2025-02-12 08:56:49,24.225,48.86,5.5
2025-02-12 08:57:49,24.22,48.86,6.0
2025-02-12 08:58:49,24.215,48.87,5.6
2025-02-12 08:59:49,24.215,48.86,4.9
2025-02-12 09:00:49,24.21,48.88,4.8
2025-02-12 09:01:49,24.21,48.94,5.9
2025-02-12 09:02:49,24.205,49.02,5.3
2025-02-12 09:03:49,24.205,49.04,5.7
2025-02-12 09:04:49,24.2,49.05,5.4
2025-02-12 09:05:49,24.2,49.03,5.5
2025-02-12 09:06:49,24.195,48.94,4.9
2025-02-12 09:07:49,24.195,48.98,5.8
2025-02-12 09:08:49,24.19,48.95,5.6
2025-02-12 09:10:15,24.19,48.94,5.0
2025-02-12 09:11:15,24.185,48.96,5.2
2025-02-12 09:12:15,24.185,48.93,5.4
2025-02-12 09:13:15,24.185,48.95,5.1
2025-02-12 09:14:15,24.18,48.95,5.3
2025-02-12 09:15:15,24.18,48.95,4.5
2025-02-12 09:16:15,24.18,48.96,4.6
2025-02-12 09:17:15,24.18,48.95,5.4
2025-02-12 09:18:15,24.18,48.96,5.0
2025-02-12 09:19:15,24.18,48.95,5.0
2025-02-12 09:20:15,24.175,48.94,5.0
2025-02-12 09:21:15,24.175,49.0,5.5
2025-02-12 09:22:15,24.175,48.93,4.6
2025-02-12 09:23:15,24.175,48.95,4.9
2025-02-12 09:24:15,24.17,48.94,4.9
2025-02-12 09:25:26,24.17,48.91,4.3
2025-02-12 09:26:26,24.17,48.9,4.8
2025-02-12 09:27:26,24.17,48.92,5.0
2025-02-12 09:28:26,24.165,48.86,5.5
2025-02-12 09:29:26,24.165,48.85,5.4
2025-02-12 09:30:26,24.16,48.86,4.4
2025-02-12 09:31:26,24.16,48.88,4.8
2025-02-12 09:32:26,24.16,48.91,5.1
2025-02-12 09:33:26,24.155,48.96,4.9
2025-02-12 09:34:26,24.155,48.97,4.7
2025-02-12 09:35:26,24.155,48.95,4.5
2025-02-12 09:36:26,24.15,48.96,5.3
2025-02-12 09:37:26,24.15,48.94,4.1
2025-02-12 09:38:26,24.15,48.88,4.9
2025-02-12 09:39:26,24.145,48.82,4.8
2025-02-12 09:40:32,24.145,48.85,5.0
2025-02-12 09:41:36,24.14,48.9,4.0
2025-02-12 09:42:36,24.14,48.88,4.6
2025-02-12 09:43:36,24.14,48.84,4.8
2025-02-12 09:44:36,24.14,48.82,4.3
2025-02-12 09:45:36,24.14,48.79,4.5
2025-02-12 09:46:36,24.14,48.77,5.1
2025-02-12 09:47:36,24.14,48.71,4.7
2025-02-12 09:48:36,24.14,48.71,5.1
2025-02-12 09:49:36,24.14,48.72,4.6
2025-02-12 09:50:36,24.14,48.72,4.8
2025-02-12 09:51:36,24.135,48.71,4.4
2025-02-12 09:52:36,24.135,48.67,4.9
2025-02-12 09:53:36,24.135,48.67,4.9
2025-02-12 09:54:36,24.13,48.64,5.0
2025-02-12 09:55:36,24.13,48.65,4.9
2025-02-12 09:56:42,24.13,48.63,4.8
2025-02-12 09:57:42,24.13,48.63,4.8
2025-02-12 09:58:42,24.13,48.58,4.1
2025-02-12 09:59:42,24.13,48.56,5.0
2025-02-12 10:00:42,24.13,48.58,4.3
2025-02-12 10:01:42,24.13,48.58,4.4
2025-02-12 10:02:42,24.13,48.51,4.3
2025-02-12 10:03:42,24.125,48.43,4.3
2025-02-12 10:04:42,24.125,48.43,4.3
2025-02-12 10:05:42,24.12,48.44,4.6
2025-02-12 10:06:42,24.12,48.44,4.6
2025-02-12 10:07:42,24.12,48.45,4.4
2025-02-12 10:08:42,24.12,48.41,4.5
2025-02-12 10:09:42,24.115,48.4,4.9
2025-02-12 10:10:42,24.115,48.33,4.3
2025-02-12 10:11:49,24.105,48.33,4.4
2025-02-12 10:12:50,24.105,48.33,3.9
2025-02-12 10:13:51,24.1,48.36,4.3
2025-02-12 10:14:51,24.1,48.34,4.6
2025-02-12 10:15:51,24.1,48.31,4.7
2025-02-12 10:16:51,24.1,48.32,4.2
2025-02-12 10:17:51,24.1,48.29,3.6
2025-02-12 10:18:51,24.1,48.25,4.3
2025-02-12 10:19:51,24.1,48.19,4.2
2025-02-12 10:20:51,24.095,48.19,3.6
2025-02-12 10:21:51,24.095,48.24,4.6
2025-02-12 10:22:51,24.095,48.23,4.4
2025-02-12 10:23:51,24.095,48.16,4.1
2025-02-12 10:24:51,24.095,48.15,4.4
2025-02-12 10:25:51,24.095,48.13,4.5
2025-02-12 10:26:51,24.095,48.15,4.3
2025-02-12 10:27:51,24.095,48.15,3.4
2025-02-12 10:28:39,24.095,48.18,4.2
2025-02-12 10:29:39,24.1,48.18,4.5
2025-02-12 10:30:39,24.1,48.17,4.1
2025-02-12 10:31:39,24.105,48.16,4.1
2025-02-12 10:32:39,24.105,48.12,4.3
2025-02-12 10:33:39,24.105,48.05,3.9
2025-02-12 10:34:39,24.105,48.01,4.4
2025-02-12 10:35:39,24.11,47.98,3.6
2025-02-12 10:36:39,24.11,48.02,3.6
2025-02-12 10:37:39,24.115,48.01,4.0
2025-02-12 10:38:39,24.115,47.99,4.4
2025-02-12 10:39:39,24.12,47.99,3.8
2025-02-12 10:40:39,24.12,47.95,4.1
2025-02-12 10:41:39,24.12,47.91,4.3
2025-02-12 10:42:39,24.12,47.9,3.8
2025-02-12 10:44:05,24.125,47.9,3.8
2025-02-12 10:45:05,24.125,47.88,3.8
2025-02-12 10:46:05,24.125,47.88,4.2
2025-02-12 10:47:05,24.125,47.88,3.8
2025-02-12 10:48:05,24.125,47.87,3.6
2025-02-12 10:49:05,24.125,47.78,3.2
2025-02-12 10:50:05,24.125,47.74,3.6
2025-02-12 10:51:05,24.125,47.7,3.5
2025-02-12 10:52:05,24.125,47.72,3.9
2025-02-12 10:53:05,24.125,47.74,3.6
2025-02-12 10:54:05,24.125,47.69,3.8
2025-02-12 10:55:05,24.125,47.7,4.0
2025-02-12 10:56:05,24.125,47.64,3.8
2025-02-12 10:57:05,24.125,47.64,3.5
2025-02-12 10:58:05,24.125,47.66,3.9
2025-02-12 11:14:27,24.135,47.42,3.8
2025-02-12 11:15:27,24.135,47.39,3.6
2025-02-12 11:16:27,24.14,47.36,3.8
2025-02-12 11:17:27,24.14,47.35,3.5
2025-02-12 11:18:27,24.145,47.36,3.5
2025-02-12 11:19:27,24.145,47.31,3.2
2025-02-12 11:20:27,24.15,47.27,3.3
2025-02-12 11:21:27,24.15,47.25,3.5
2025-02-12 11:22:27,24.155,47.26,3.3
2025-02-12 11:23:27,24.155,47.22,3.2
2025-02-12 11:24:27,24.155,47.2,3.4
2025-02-12 11:25:27,24.15,47.21,3.4
2025-02-12 11:26:27,24.15,47.21,3.7
2025-02-12 11:27:27,24.145,47.26,3.5
2025-02-12 11:28:27,24.145,47.24,3.7
2025-02-12 11:29:42,24.145,47.24,3.6
2025-02-12 11:30:42,24.145,47.24,3.8
2025-02-12 11:31:42,24.145,47.3,3.8
2025-02-12 11:32:42,24.145,47.3,3.7
2025-02-12 11:33:42,24.145,47.28,3.5
2025-02-12 11:34:42,24.15,47.24,3.4
2025-02-12 11:35:42,24.15,47.19,3.4
2025-02-12 11:36:42,24.15,47.17,3.6
2025-02-12 11:37:42,24.15,47.18,3.8
2025-02-12 11:38:42,24.15,47.2,3.4
2025-02-12 11:39:42,24.155,47.16,3.8
2025-02-12 11:40:42,24.155,47.14,2.9
2025-02-12 11:41:42,24.155,47.14,3.6
2025-02-12 11:42:42,24.155,47.13,3.4
2025-02-12 11:43:42,24.15,47.16,3.2
2025-02-12 11:44:42,24.15,47.16,3.1
2025-02-12 11:45:42,24.15,47.17,3.3
2025-02-12 11:46:42,24.15,47.17,2.9
2025-02-12 11:47:42,24.145,47.15,2.7
2025-02-12 11:48:42,24.145,47.16,3.5
2025-02-12 11:49:42,24.14,47.16,3.7
2025-02-12 11:50:42,24.14,47.15,3.5
2025-02-12 11:51:42,24.135,47.2,3.3
2025-02-12 11:52:42,24.13,47.19,3.9
2025-02-12 11:53:42,24.13,47.21,3.4
2025-02-12 11:54:42,24.125,47.24,3.4
2025-02-12 11:55:42,24.125,47.26,3.2
2025-02-12 11:56:42,24.125,47.22,3.4
2025-02-12 11:57:42,24.125,47.19,3.0
2025-02-12 11:58:42,24.125,47.14,3.3
2025-02-12 11:59:52,24.125,47.15,3.8
2025-02-12 12:00:52,24.125,47.14,3.3
2025-02-12 12:01:52,24.125,47.13,3.0
2025-02-12 12:02:52,24.13,47.14,3.2
2025-02-12 12:03:52,24.13,47.18,3.2
2025-02-12 12:04:52,24.13,47.2,3.9
2025-02-12 12:05:52,24.135,47.2,3.7
2025-02-12 12:06:52,24.13,47.25,3.1
2025-02-12 12:07:52,24.13,47.22,3.9
2025-02-12 12:08:52,24.135,47.21,3.4
2025-02-12 12:09:52,24.135,47.19,3.5
2025-02-12 12:10:52,24.135,47.2,3.0
2025-02-12 12:11:52,24.135,47.19,3.4
2025-02-12 12:12:52,24.135,47.19,3.6
2025-02-12 12:13:52,24.135,47.21,2.8
2025-02-12 12:15:07,24.135,47.2,3.6
2025-02-12 12:16:07,24.14,47.18,3.4
2025-02-12 12:17:07,24.14,47.19,3.2
2025-02-12 12:18:07,24.14,47.17,3.2
2025-02-12 12:19:07,24.145,47.15,2.9
2025-02-12 12:20:07,24.145,47.13,3.4
2025-02-12 12:21:07,24.15,47.07,3.0
2025-02-12 12:22:07,24.15,47.11,3.6
2025-02-12 12:23:07,24.15,47.06,3.2
2025-02-12 12:24:07,24.15,47.06,3.1
2025-02-12 12:25:07,24.15,47.04,2.8
2025-02-12 12:26:07,24.15,47.05,3.0
2025-02-12 12:27:07,24.155,47.06,3.0
2025-02-12 12:28:07,24.155,47.05,3.2
2025-02-12 12:29:07,24.155,47.13,3.2
2025-02-12 12:30:20,24.155,47.14,3.1
2025-02-12 12:31:20,24.155,47.25,2.7
2025-02-12 12:32:20,24.16,47.17,3.5
2025-02-12 12:33:20,24.16,47.24,3.3
2025-02-12 12:34:20,24.16,47.17,3.1
2025-02-12 12:35:20,24.16,47.13,3.5
2025-02-12 12:36:20,24.16,47.02,2.9
2025-02-12 12:37:20,24.16,47.02,2.8
2025-02-12 12:38:20,24.16,47.01,3.5
2025-02-12 12:39:20,24.16,47.0,3.4
2025-02-12 12:40:20,24.16,47.12,3.0
2025-02-12 12:41:20,24.155,47.11,3.2
2025-02-12 12:42:20,24.155,47.07,3.4
2025-02-12 12:43:20,24.16,47.08,3.1
2025-02-12 12:44:20,24.16,47.13,3.0
2025-02-12 12:45:29,24.16,47.16,3.5
2025-02-12 12:46:29,24.16,47.23,3.2
2025-02-12 12:47:29,24.155,47.27,3.1
2025-02-12 12:48:29,24.15,47.25,3.0
2025-02-12 12:49:29,24.14,47.36,3.5
2025-02-12 12:50:29,24.135,47.43,3.3
2025-02-12 12:51:29,24.125,47.52,3.3
2025-02-12 13:03:34,25.405,43.99,4.0
2025-02-12 13:04:34,25.31,44.07,3.8
2025-02-12 13:05:34,25.145,44.5,3.5
2025-02-12 13:06:34,24.95,45.02,3.5
2025-02-12 13:07:34,24.815,45.49,3.7
2025-02-12 13:08:34,24.72,45.79,3.3
2025-02-12 13:09:34,24.655,46.02,3.2
2025-02-12 13:10:34,24.6,46.17,4.0
2025-02-12 13:11:34,24.555,46.34,4.0
2025-02-12 13:12:34,24.52,46.49,3.6
2025-02-12 13:13:34,24.485,46.59,3.7
2025-02-12 13:14:34,24.455,46.73,3.6
2025-02-12 13:15:34,24.425,46.83,3.5
2025-02-12 13:16:34,24.395,46.95,3.7
2025-02-12 13:17:34,24.365,47.03,4.0
2025-02-12 13:18:51,24.33,47.16,3.5
2025-02-12 13:19:51,24.3,47.27,3.6
2025-02-12 13:20:51,24.27,47.36,4.1
2025-02-12 13:21:51,24.245,47.47,3.6
2025-02-12 13:22:51,24.22,47.59,3.8
2025-02-12 13:23:51,24.19,47.73,4.4
2025-02-12 13:24:51,24.165,47.87,4.0
2025-02-12 13:25:51,24.14,47.92,4.4
2025-02-12 13:26:51,24.115,47.92,4.5
2025-02-12 13:27:51,24.085,48.03,3.9
2025-02-12 13:28:51,24.06,48.07,4.5
2025-02-12 13:29:51,24.04,48.16,3.7
2025-02-12 13:30:51,24.015,48.26,3.9
2025-02-12 13:31:51,23.995,48.34,3.9
2025-02-12 13:32:51,23.97,48.43,4.6
2025-02-12 13:33:43,23.95,48.47,4.0
2025-02-12 13:34:43,23.93,48.57,4.5
2025-02-12 13:35:43,23.91,48.63,4.1
2025-02-12 13:36:43,23.89,48.67,4.1
2025-02-12 13:37:43,23.875,48.75,3.6
2025-02-12 13:38:43,23.855,48.81,3.7
2025-02-12 13:39:43,23.84,48.89,3.8
2025-02-12 13:40:43,23.825,48.99,4.0
2025-02-12 13:41:43,23.81,49.06,4.5
2025-02-12 13:42:43,23.795,49.08,4.1
2025-02-12 13:43:43,23.78,49.1,4.3
2025-02-12 13:44:43,23.77,49.1,4.9
2025-02-12 13:45:43,23.755,49.19,4.2
2025-02-12 13:46:43,23.74,49.22,4.8
2025-02-12 13:47:43,23.73,49.25,4.9
2025-02-12 13:48:49,23.715,49.31,5.2
2025-02-12 13:49:49,23.705,49.34,4.0
2025-02-12 13:50:49,23.695,49.41,4.2
2025-02-12 13:51:49,23.685,49.43,4.6
2025-02-12 13:52:49,23.675,49.49,4.4
2025-02-12 13:53:49,23.665,49.61,4.2
2025-02-12 13:54:49,23.66,49.61,4.8
2025-02-12 13:55:49,23.65,49.64,4.7
2025-02-12 13:56:49,23.64,49.69,5.0
2025-02-12 13:57:49,23.63,49.72,4.6
2025-02-12 13:58:49,23.625,49.78,4.9
2025-02-12 13:59:49,23.615,49.86,4.7
2025-02-12 14:00:49,23.61,49.84,4.1
2025-02-12 14:01:49,23.6,49.93,5.0
2025-02-12 14:02:49,23.595,49.95,4.6
2025-02-12 14:04:00,23.585,50.04,4.8
2025-02-12 14:05:00,23.58,50.09,4.4
2025-02-12 14:06:00,23.575,50.06,4.9
2025-02-12 14:07:00,23.57,50.13,4.7
2025-02-12 14:08:00,23.565,50.19,4.8
2025-02-12 14:09:00,23.56,50.29,5.1
2025-02-12 14:10:00,23.55,50.36,5.5
2025-02-12 14:11:00,23.55,50.47,5.0
2025-02-12 14:12:00,23.545,50.57,4.8
2025-02-12 14:13:00,23.54,50.62,5.5
2025-02-12 14:15:00,23.53,50.69,5.4
2025-02-12 14:16:00,23.53,50.83,5.7
2025-02-12 14:17:00,23.525,50.86,5.6
2025-02-12 14:18:00,23.52,50.88,5.6
2025-02-12 14:19:18,23.52,50.93,5.9
2025-02-12 14:20:18,23.52,50.97,5.7
2025-02-12 14:21:02,23.515,51.02,6.0
2025-02-12 14:22:02,23.515,51.04,5.3
2025-02-12 14:23:02,23.515,51.05,5.9
2025-02-12 14:24:02,23.51,51.12,5.8
2025-02-12 14:25:02,23.51,51.19,5.7
2025-02-12 14:26:02,23.51,51.25,5.9
2025-02-12 14:27:02,23.51,51.32,6.1
2025-02-12 14:28:02,23.51,51.27,6.2
2025-02-12 14:29:02,23.51,51.28,5.9
2025-02-12 14:30:02,23.505,51.3,6.0
2025-02-12 14:31:02,23.505,51.36,5.5
2025-02-12 14:32:02,23.505,51.4,6.0
2025-02-12 14:33:02,23.505,51.49,6.0
2025-02-12 14:34:02,23.505,51.5,6.2
2025-02-12 14:35:02,23.505,51.55,6.0
2025-02-12 14:36:14,23.505,51.68,6.6
2025-02-12 14:37:14,23.505,51.74,6.0
2025-02-12 14:38:14,23.505,51.8,6.4
2025-02-12 14:39:14,23.505,51.91,6.4
2025-02-12 14:40:14,23.5,51.93,6.7
2025-02-12 14:41:14,23.5,52.1,6.6
2025-02-12 14:42:14,23.5,52.24,6.9
2025-02-12 14:43:14,23.5,52.22,6.6
2025-02-12 14:44:14,23.495,52.25,6.5
2025-02-12 14:45:14,23.495,52.34,6.9
2025-02-12 14:46:14,23.495,52.4,6.6
2025-02-12 14:47:14,23.495,52.54,6.7
2025-02-12 14:48:14,23.49,52.62,6.8
2025-02-12 14:49:14,23.49,52.66,7.4
2025-02-12 14:50:14,23.485,52.66,7.1
2025-02-12 14:51:30,23.485,52.77,7.1
2025-02-12 14:52:30,23.485,52.77,7.1
2025-02-12 14:53:30,23.485,52.76,7.1
2025-02-12 14:54:30,23.485,52.84,7.3
2025-02-12 14:55:30,23.48,52.9,7.6
2025-02-12 14:56:30,23.48,52.98,7.4
2025-02-12 14:57:30,23.48,53.03,7.4
2025-02-12 14:58:30,23.48,53.18,7.2
2025-02-12 14:59:30,23.48,53.16,7.6
2025-02-12 15:00:30,23.48,53.03,6.9
2025-02-12 15:01:30,23.48,53.18,7.7
2025-02-12 15:02:30,23.475,53.2,7.7
2025-02-12 15:03:30,23.475,53.23,7.9
2025-02-12 15:04:30,23.475,53.21,8.3
2025-02-12 15:05:30,23.475,53.19,7.8
2025-02-12 15:06:30,23.475,53.22,7.7
2025-02-12 15:07:30,23.475,53.31,6.9
2025-02-12 15:08:30,23.475,53.3,7.0
2025-02-12 15:09:30,23.475,53.39,7.5
2025-02-12 15:10:30,23.475,53.47,7.4
2025-02-12 15:11:30,23.475,53.55,7.4
2025-02-12 15:12:30,23.475,53.47,8.4
2025-02-12 15:13:30,23.47,53.54,8.0
2025-02-12 15:14:30,23.475,53.6,8.1
2025-02-12 15:15:30,23.47,53.51,7.6
2025-02-12 15:16:31,23.47,53.5,7.6
2025-02-12 15:17:31,23.47,53.65,8.6
2025-02-12 15:18:21,23.47,53.74,7.7
2025-02-12 15:19:21,23.47,53.74,7.3
2025-02-12 15:20:21,23.47,53.71,7.4
2025-02-12 15:21:21,23.47,53.74,7.1
2025-02-12 15:22:21,23.47,53.7,7.6
2025-02-12 15:23:21,23.47,53.68,8.2
2025-02-12 15:24:21,23.47,53.76,7.8
2025-02-12 15:25:21,23.47,53.81,7.3
2025-02-12 15:26:21,23.47,53.78,7.5
2025-02-12 15:27:21,23.47,53.89,7.7
2025-02-12 15:28:21,23.465,53.93,7.6
2025-02-12 15:29:21,23.465,53.93,8.8
2025-02-12 15:30:21,23.465,53.95,7.9
2025-02-12 15:31:17,23.465,53.94,8.4
2025-02-12 15:32:17,23.46,53.87,8.3
2025-02-12 15:33:17,23.46,53.88,8.7
2025-02-12 15:34:17,23.46,53.89,8.3
2025-02-12 15:35:17,23.46,53.82,7.9
2025-02-12 15:36:17,23.46,53.75,7.2
2025-02-12 15:37:17,23.46,53.8,8.3
2025-02-12 15:38:17,23.46,53.78,8.3
2025-02-12 15:39:17,23.455,53.81,8.6
2025-02-12 15:40:17,23.455,53.85,8.2
2025-02-12 15:41:17,23.455,53.87,8.2
2025-02-12 15:42:17,23.455,53.88,7.9
2025-02-12 15:43:17,23.455,54.0,8.1
2025-02-12 15:44:17,23.45,54.0,8.6
2025-02-12 15:45:17,23.45,54.0,8.5
2025-02-12 15:46:11,23.45,53.99,8.4
2025-02-12 15:47:11,23.45,53.93,7.7
2025-02-12 15:48:11,23.445,53.93,8.8
2025-02-12 15:49:11,23.45,53.88,7.4
2025-02-12 15:50:11,23.445,53.89,8.5
2025-02-12 15:51:11,23.45,53.82,7.9
2025-02-12 15:52:11,23.45,53.82,7.7
2025-02-12 15:53:11,23.445,53.8,8.5
2025-02-12 15:54:11,23.445,53.81,7.8
2025-02-12 15:55:11,23.445,53.81,7.8
2025-02-12 15:56:11,23.445,53.77,8.1
2025-02-12 15:57:11,23.445,53.77,8.1
2025-02-12 15:58:11,23.445,53.73,7.5
2025-02-12 15:59:11,23.445,53.77,8.1
